folder,tr,te,imb,alpha,beta,kproto,K,acc,nll,brier,ece,smooth,t_fit,t_pred,n_train,n_test
runs_idc_ablate/idc_tr10000_te10000_imb1_a0.1_b0.1_k128,10000,10000,1.0,0.1,0.1,128.0,128.0,0.856173,0.75259,0.24443,0.108681,0.39759,437.93463073,2.41344688,18000.0,13850.0
runs_idc_ablate/idc_tr10000_te10000_imb1_a0.1_b0.1_k256,10000,10000,1.0,0.1,0.1,256.0,256.0,0.862455,0.974797,0.238783,0.100347,0.39099,421.2822919,3.16817056,18000.0,13850.0
runs_idc_ablate/idc_tr10000_te10000_imb1_a0.1_b0.1_k32,10000,10000,1.0,0.1,0.1,32.0,32.0,0.855018,0.517253,0.240241,0.101105,0.386485,151.33029079,1.50262433,18000.0,13850.0
runs_idc_ablate/idc_tr10000_te10000_imb1_a0.1_b0.1_k512,10000,10000,1.0,0.1,0.1,512.0,512.0,0.857762,1.516051,0.252295,0.119719,0.412042,774.50553222,6.84381248,18000.0,13850.0
runs_idc_ablate/idc_tr10000_te10000_imb1_a0.1_b0.1_k64,10000,10000,1.0,0.1,0.1,64.0,64.0,0.84491,0.629455,0.259829,0.114717,0.403943,524.53738367,2.94751772,18000.0,13850.0
runs_idc_ablate/idc_tr10000_te10000_imb1_a0.1_b0.2_k128,10000,10000,1.0,0.1,0.2,128.0,128.0,0.855162,0.826137,0.253649,0.116345,0.40902,411.82471988,3.47981671,18000.0,13850.0
runs_idc_ablate/idc_tr10000_te10000_imb1_a0.1_b0.2_k256,10000,10000,1.0,0.1,0.2,256.0,256.0,0.863032,1.00024,0.241212,0.10212,0.395236,933.24333309,5.60273366,18000.0,13850.0
runs_idc_ablate/idc_tr10000_te10000_imb1_a0.1_b0.2_k32,10000,10000,1.0,0.1,0.2,32.0,32.0,0.85639,0.5642,0.250709,0.113203,0.400937,208.10349433,0.66580393,18000.0,13850.0
runs_idc_ablate/idc_tr10000_te10000_imb1_a0.1_b0.2_k512,10000,10000,1.0,0.1,0.2,512.0,512.0,0.857834,1.524796,0.253357,0.12056,0.413249,226.60379322,3.72340461,18000.0,13850.0
runs_idc_ablate/idc_tr10000_te10000_imb1_a0.1_b0.2_k64,10000,10000,1.0,0.1,0.2,64.0,64.0,0.846065,0.69209,0.271097,0.125887,0.419257,255.95997825,0.58990303,18000.0,13850.0
runs_idc_ablate/idc_tr10000_te10000_imb1_a0.1_b0.3_k32,10000,10000,1.0,0.1,0.3,32.0,32.0,0.856606,0.59334,0.25875,0.120424,0.40851,168.06772391,0.73587559,18000.0,13850.0
runs_idc_ablate/idc_tr10000_te10000_imb1_a0.4_b0.01_k128,10000,10000,1.0,0.4,0.01,128.0,128.0,0.855812,0.50345,0.226387,0.090551,0.366654,543.39701656,0.85157429,18000.0,13850.0
runs_idc_ablate/idc_tr10000_te10000_imb1_a0.4_b0.01_k256,10000,10000,1.0,0.4,0.01,256.0,256.0,0.858989,0.699187,0.235343,0.096869,0.383998,530.65348423,3.70164915,18000.0,13850.0
runs_idc_ablate/idc_tr10000_te10000_imb1_a0.4_b0.01_k32,10000,10000,1.0,0.4,0.01,32.0,32.0,0.839783,0.38312,0.235038,0.057887,0.294859,253.92256839,1.88315931,18000.0,13850.0
runs_idc_ablate/idc_tr10000_te10000_imb1_a0.4_b0.01_k512,10000,10000,1.0,0.4,0.01,512.0,512.0,0.856895,1.0567,0.250378,0.119152,0.409299,426.6674526,5.31311789,18000.0,13850.0
runs_idc_ablate/idc_tr10000_te10000_imb1_a0.4_b0.01_k64,10000,10000,1.0,0.4,0.01,64.0,64.0,0.839567,0.404078,0.236168,0.080355,0.336131,592.93846249,3.63070989,18000.0,13850.0
runs_idc_ablate/idc_tr10000_te10000_imb1_a0.4_b0.3_k128,10000,10000,1.0,0.4,0.3,128.0,128.0,0.854801,0.600402,0.249637,0.112114,0.400278,537.02338645,2.57141204,18000.0,13850.0
runs_idc_ablate/idc_tr10000_te10000_imb1_a0.4_b0.3_k256,10000,10000,1.0,0.4,0.3,256.0,256.0,0.861949,0.741642,0.240915,0.101241,0.394191,522.38937427,3.60849012,18000.0,13850.0
runs_idc_ablate/idc_tr10000_te10000_imb1_a0.4_b0.3_k32,10000,10000,1.0,0.4,0.3,32.0,32.0,0.855668,0.426129,0.240666,0.092057,0.364098,317.99297035,0.72645265,18000.0,13850.0
runs_idc_ablate/idc_tr10000_te10000_imb1_a0.4_b0.3_k512,10000,10000,1.0,0.4,0.3,512.0,512.0,0.85769,1.078299,0.252494,0.119917,0.411886,471.68503984,4.55921395,18000.0,13850.0
runs_idc_ablate/idc_tr10000_te10000_imb1_a0.4_b0.3_k64,10000,10000,1.0,0.4,0.3,64.0,64.0,0.845776,0.514122,0.26358,0.117134,0.399761,399.59501356,0.55944467,18000.0,13850.0
runs_idc_ablate/idc_tr10000_te10000_imb1_a0.4_b0.7_k128,10000,10000,1.0,0.4,0.7,128.0,128.0,0.853863,0.625675,0.257917,0.120091,0.408321,756.33469887,2.96678188,18000.0,13850.0
runs_idc_ablate/idc_tr10000_te10000_imb1_a0.4_b0.7_k256,10000,10000,1.0,0.4,0.7,256.0,256.0,0.861444,0.773089,0.245146,0.105569,0.399539,600.50968861,2.61569097,18000.0,13850.0
runs_idc_ablate/idc_tr10000_te10000_imb1_a0.4_b0.7_k32,10000,10000,1.0,0.4,0.7,32.0,32.0,0.85343,0.44859,0.253764,0.102562,0.367437,247.65748225,0.93848288,18000.0,13850.0
runs_idc_ablate/idc_tr10000_te10000_imb1_a0.4_b0.7_k512,10000,10000,1.0,0.4,0.7,512.0,512.0,0.857834,1.106007,0.254935,0.120665,0.413916,316.08100991,4.52231986,18000.0,13850.0
runs_idc_ablate/idc_tr10000_te10000_imb1_a0.4_b0.7_k64,10000,10000,1.0,0.4,0.7,64.0,64.0,0.845415,0.533128,0.272954,0.125436,0.407233,409.0429423,2.12643677,18000.0,13850.0
runs_idc_ablate/idc_tr10000_te10000_imb1_a0.4_b0.9_k128,10000,10000,1.0,0.4,0.9,128.0,128.0,0.853574,0.63238,0.260836,0.122333,0.409641,353.35728936,2.32893331,18000.0,13850.0
runs_idc_ablate/idc_tr10000_te10000_imb1_a0.4_b0.9_k256,10000,10000,1.0,0.4,0.9,256.0,256.0,0.861805,0.782503,0.247067,0.108853,0.401245,879.67291099,4.375275,18000.0,13850.0
runs_idc_ablate/idc_tr10000_te10000_imb1_a0.4_b0.9_k32,10000,10000,1.0,0.4,0.9,32.0,32.0,0.851625,0.458706,0.259591,0.106528,0.365722,386.36959854,3.4390123,18000.0,13850.0
runs_idc_ablate/idc_tr10000_te10000_imb1_a0.4_b0.9_k512,10000,10000,1.0,0.4,0.9,512.0,512.0,0.858412,1.11737,0.256335,0.121833,0.414608,490.12369074,3.98479624,18000.0,13850.0
runs_idc_ablate/idc_tr10000_te10000_imb1_a0.4_b0.9_k64,10000,10000,1.0,0.4,0.9,64.0,64.0,0.844982,0.537757,0.276127,0.127922,0.407644,274.95009365,1.46422903,18000.0,13850.0
runs_idc_ablate/idc_tr10000_te10000_imb1_a0.5_b0.1_k128,10000,10000,1.0,0.5,0.1,128.0,128.0,0.856606,0.51136,0.235464,0.098514,0.381268,475.47145399,0.99175774,18000.0,13850.0
runs_idc_ablate/idc_tr10000_te10000_imb1_a0.5_b0.1_k256,10000,10000,1.0,0.5,0.1,256.0,256.0,0.861011,0.653877,0.236575,0.098712,0.386409,386.6600264,0.80906169,18000.0,13850.0
runs_idc_ablate/idc_tr10000_te10000_imb1_a0.5_b0.1_k32,10000,10000,1.0,0.5,0.1,32.0,32.0,0.853285,0.382654,0.226436,0.066707,0.333682,202.42421645,0.5420126,18000.0,13850.0
runs_idc_ablate/idc_tr10000_te10000_imb1_a0.5_b0.1_k512,10000,10000,1.0,0.5,0.1,512.0,512.0,0.856823,0.957825,0.250232,0.118732,0.408843,405.00924532,4.93144945,18000.0,13850.0
runs_idc_ablate/idc_tr10000_te10000_imb1_a0.5_b0.1_k64,10000,10000,1.0,0.5,0.1,64.0,64.0,0.844043,0.452221,0.248499,0.097487,0.374987,303.08344743,1.66349727,18000.0,13850.0
runs_idc_ablate/idc_tr10000_te10000_imb1_a0.5_b0.2_k128,10000,10000,1.0,0.5,0.2,128.0,128.0,0.855523,0.532659,0.241414,0.104238,0.388899,547.7181545,2.55047284,18000.0,13850.0
runs_idc_ablate/idc_tr10000_te10000_imb1_a0.5_b0.2_k256,10000,10000,1.0,0.5,0.2,256.0,256.0,0.861372,0.666321,0.238429,0.101328,0.389445,454.25671144,1.36862637,18000.0,13850.0
runs_idc_ablate/idc_tr10000_te10000_imb1_a0.5_b0.2_k32,10000,10000,1.0,0.5,0.2,32.0,32.0,0.855596,0.391619,0.230401,0.074538,0.340731,222.89874109,2.48405568,18000.0,13850.0
runs_idc_ablate/idc_tr10000_te10000_imb1_a0.5_b0.2_k512,10000,10000,1.0,0.5,0.2,512.0,512.0,0.856968,0.964625,0.250938,0.118834,0.409628,403.36103034,4.16980386,18000.0,13850.0
runs_idc_ablate/idc_tr10000_te10000_imb1_a0.5_b0.2_k64,10000,10000,1.0,0.5,0.2,64.0,64.0,0.845054,0.466972,0.253894,0.104367,0.383694,351.88668986,0.54065799,18000.0,13850.0
runs_idc_ablate/idc_tr10000_te10000_imb1_a0.5_b0.3_k128,10000,10000,1.0,0.5,0.3,128.0,128.0,0.854874,0.544297,0.245351,0.107376,0.393064,524.59422627,0.65602615,18000.0,13850.0
runs_idc_ablate/idc_tr10000_te10000_imb1_a0.5_b0.3_k256,10000,10000,1.0,0.5,0.3,256.0,256.0,0.861588,0.676228,0.239605,0.101386,0.391541,468.06358889,4.46739542,18000.0,13850.0
runs_idc_ablate/idc_tr10000_te10000_imb1_a0.5_b0.3_k32,10000,10000,1.0,0.5,0.3,32.0,32.0,0.855812,0.399162,0.234614,0.079042,0.344209,186.27264074,1.63164401,18000.0,13850.0
runs_idc_ablate/idc_tr10000_te10000_imb1_a0.5_b0.3_k512,10000,10000,1.0,0.5,0.3,512.0,512.0,0.857401,0.970864,0.251442,0.118887,0.410334,475.75901389,1.97454183,18000.0,13850.0
runs_idc_ablate/idc_tr10000_te10000_imb1_a0.5_b0.3_k64,10000,10000,1.0,0.5,0.3,64.0,64.0,0.845415,0.475385,0.258148,0.10944,0.387991,358.9993648,2.51714116,18000.0,13850.0
runs_idc_ablate/idc_tr10000_te10000_imb1_a0.5_b0.4_k128,10000,10000,1.0,0.5,0.4,128.0,128.0,0.854585,0.551641,0.248101,0.110731,0.395799,467.37372432,1.85946881,18000.0,13850.0
runs_idc_ablate/idc_tr10000_te10000_imb1_a0.5_b0.4_k256,10000,10000,1.0,0.5,0.4,256.0,256.0,0.861372,0.684097,0.240586,0.100695,0.393096,430.40952609,2.97739363,18000.0,13850.0
runs_idc_ablate/idc_tr10000_te10000_imb1_a0.5_b0.4_k32,10000,10000,1.0,0.5,0.4,32.0,32.0,0.855235,0.404824,0.23801,0.082264,0.346055,222.46477343,1.85802977,18000.0,13850.0
runs_idc_ablate/idc_tr10000_te10000_imb1_a0.5_b0.4_k512,10000,10000,1.0,0.5,0.4,512.0,512.0,0.85769,0.977367,0.2521,0.119358,0.41095,558.65568073,3.62393644,18000.0,13850.0
runs_idc_ablate/idc_tr10000_te10000_imb1_a0.5_b0.4_k64,10000,10000,1.0,0.5,0.4,64.0,64.0,0.84556,0.480733,0.261029,0.112864,0.390791,356.87588514,3.58722433,18000.0,13850.0
runs_idc_ablate/idc_tr10000_te10000_imb1_a0.8_b0.01_k128,10000,10000,1.0,0.8,0.01,128.0,128.0,0.854801,0.374707,0.215828,0.069653,0.333421,862.42600193,2.98597583,18000.0,13850.0
runs_idc_ablate/idc_tr10000_te10000_imb1_a0.8_b0.01_k256,10000,10000,1.0,0.8,0.01,256.0,256.0,0.858412,0.477166,0.227848,0.084693,0.365935,367.73047389,2.1547176,18000.0,13850.0
runs_idc_ablate/idc_tr10000_te10000_imb1_a0.8_b0.01_k32,10000,10000,1.0,0.8,0.01,32.0,32.0,0.832347,0.383872,0.237751,0.064174,0.208343,183.7016246,1.93054944,18000.0,13850.0
runs_idc_ablate/idc_tr10000_te10000_imb1_a0.8_b0.01_k512,10000,10000,1.0,0.8,0.01,512.0,512.0,0.856895,0.662159,0.242981,0.111322,0.397051,437.25818563,5.18077199,18000.0,13850.0
runs_idc_ablate/idc_tr10000_te10000_imb1_a0.8_b0.01_k64,10000,10000,1.0,0.8,0.01,64.0,64.0,0.83509,0.367368,0.23114,0.049626,0.294708,262.94974643,0.55795663,18000.0,13850.0
runs_idc_ablate/idc_tr10000_te10000_imb8_a0.5_b0.1_k128,10000,10000,8.0,0.5,0.1,128.0,128.0,0.866498,0.464755,0.211813,0.078662,0.261521,292.60463972,3.47781066,10120.0,13850.0
runs_idc_ablate/idc_tr10000_te10000_imb8_a0.5_b0.1_k256,10000,10000,8.0,0.5,0.1,256.0,256.0,0.858412,0.743088,0.235651,0.098841,0.24797,109.68726632,0.75439826,10120.0,13850.0
runs_idc_ablate/idc_tr10000_te10000_imb8_a0.5_b0.1_k32,10000,10000,8.0,0.5,0.1,32.0,32.0,0.861588,0.344966,0.210372,0.056194,0.222098,139.90583047,2.5366715,10120.0,13850.0
runs_idc_ablate/idc_tr10000_te10000_imb8_a0.5_b0.1_k512,10000,10000,8.0,0.5,0.1,512.0,512.0,0.865487,0.924856,0.229118,0.086091,0.238176,257.56810516,2.82278569,10120.0,13850.0
runs_idc_ablate/idc_tr10000_te10000_imb8_a0.5_b0.1_k64,10000,10000,8.0,0.5,0.1,64.0,64.0,0.856679,0.405237,0.223112,0.081079,0.225207,133.73038565,1.31946175,10120.0,13850.0
runs_idc_ablate/idc_tr10000_te10000_imb8_a0.5_b0.2_k128,10000,10000,8.0,0.5,0.2,128.0,128.0,0.867653,0.476926,0.214707,0.084394,0.273159,125.21153742,1.13580696,10120.0,13850.0
runs_idc_ablate/idc_tr10000_te10000_imb8_a0.5_b0.2_k256,10000,10000,8.0,0.5,0.2,256.0,256.0,0.859134,0.749859,0.236262,0.100462,0.253771,165.7063204,3.0624951,10120.0,13850.0
runs_idc_ablate/idc_tr10000_te10000_imb8_a0.5_b0.2_k32,10000,10000,8.0,0.5,0.2,32.0,32.0,0.86,0.356755,0.217588,0.066233,0.231019,118.47020877,1.37801566,10120.0,13850.0
runs_idc_ablate/idc_tr10000_te10000_imb8_a0.5_b0.2_k512,10000,10000,8.0,0.5,0.2,512.0,512.0,0.865848,0.92943,0.230619,0.088827,0.240674,150.51395004,4.0021791,10120.0,13850.0
runs_idc_ablate/idc_tr10000_te10000_imb8_a0.5_b0.2_k64,10000,10000,8.0,0.5,0.2,64.0,64.0,0.852924,0.419156,0.229955,0.092454,0.23289,235.43755162,3.06556724,10120.0,13850.0
runs_idc_ablate/idc_tr10000_te10000_imb8_a0.5_b0.3_k128,10000,10000,8.0,0.5,0.3,128.0,128.0,0.86787,0.485211,0.217078,0.088329,0.279533,251.69284817,3.66161902,10120.0,13850.0
runs_idc_ablate/idc_tr10000_te10000_imb8_a0.5_b0.3_k256,10000,10000,8.0,0.5,0.3,256.0,256.0,0.858339,0.756136,0.237152,0.102913,0.257349,106.71197565,1.10372224,10120.0,13850.0
runs_idc_ablate/idc_tr10000_te10000_imb8_a0.5_b0.3_k32,10000,10000,8.0,0.5,0.3,32.0,32.0,0.858989,0.363327,0.221895,0.070426,0.234295,173.63879555,2.11449192,10120.0,13850.0
runs_idc_ablate/idc_tr10000_te10000_imb8_a0.5_b0.3_k512,10000,10000,8.0,0.5,0.3,512.0,512.0,0.864765,0.934009,0.232257,0.089263,0.242222,185.95705073,4.90233559,10120.0,13850.0
runs_idc_ablate/idc_tr10000_te10000_imb8_a0.5_b0.3_k64,10000,10000,8.0,0.5,0.3,64.0,64.0,0.851408,0.423597,0.233686,0.097129,0.236008,135.05983062,0.51583287,10120.0,13850.0
runs_idc_ablate/idc_tr10000_te10000_imb8_a0.5_b0.4_k128,10000,10000,8.0,0.5,0.4,128.0,128.0,0.867581,0.491172,0.219193,0.091311,0.28326,160.6042054,1.86143732,10120.0,13850.0
runs_idc_ablate/idc_tr10000_te10000_imb8_a0.5_b0.4_k256,10000,10000,8.0,0.5,0.4,256.0,256.0,0.858051,0.759242,0.237922,0.104589,0.259937,191.16732867,4.27045453,10120.0,13850.0
runs_idc_ablate/idc_tr10000_te10000_imb8_a0.5_b0.4_k32,10000,10000,8.0,0.5,0.4,32.0,32.0,0.857473,0.368343,0.225112,0.073161,0.235426,76.32975296,0.52931906,10120.0,13850.0
runs_idc_ablate/idc_tr10000_te10000_imb8_a0.5_b0.4_k512,10000,10000,8.0,0.5,0.4,512.0,512.0,0.862816,0.93676,0.233707,0.093242,0.243671,138.50636049,3.44681456,10120.0,13850.0
runs_idc_ablate/idc_tr10000_te10000_imb8_a0.5_b0.4_k64,10000,10000,8.0,0.5,0.4,64.0,64.0,0.850253,0.427266,0.236357,0.099715,0.237184,142.75063542,1.81327968,10120.0,13850.0
runs_idc_ablate/idc_tr20000_te20000_imb1_a0.5_b0.1_k128,20000,20000,1.0,0.5,0.1,128.0,128.0,0.860939,0.627755,0.235615,0.105213,0.406803,2802.08089115,2.7206337,36000.0,13850.0
runs_idc_ablate/idc_tr20000_te20000_imb1_a0.5_b0.1_k256,20000,20000,1.0,0.5,0.1,256.0,256.0,0.85769,0.839261,0.247847,0.114259,0.419722,2703.53381044,3.07283347,36000.0,13850.0
runs_idc_ablate/idc_tr20000_te20000_imb1_a0.5_b0.1_k32,20000,20000,1.0,0.5,0.1,32.0,32.0,0.864332,0.336163,0.203225,0.051999,0.328962,294.27886422,0.64496401,36000.0,13850.0
runs_idc_ablate/idc_tr20000_te20000_imb1_a0.5_b0.1_k64,20000,20000,1.0,0.5,0.1,64.0,64.0,0.852852,0.48796,0.240552,0.097012,0.392122,1114.96387587,0.53651792,36000.0,13850.0
runs_idc_ablate/idc_tr2000_te2000_imb1_a0.1_b0.1_k128,2000,2000,1.0,0.1,0.1,128.0,128.0,0.84525,1.029544,0.265543,0.108567,0.434345,15.81004836,0.93298375,3600.0,4000.0
runs_idc_ablate/idc_tr2000_te2000_imb1_a0.1_b0.1_k256,2000,2000,1.0,0.1,0.1,256.0,256.0,0.8465,0.794888,0.255951,0.095871,0.413782,14.72318618,2.40013137,3600.0,4000.0
runs_idc_ablate/idc_tr2000_te2000_imb1_a0.1_b0.1_k32,2000,2000,1.0,0.1,0.1,32.0,32.0,0.84625,0.568857,0.259179,0.091768,0.404083,18.07006203,0.07825018,3600.0,4000.0
runs_idc_ablate/idc_tr2000_te2000_imb1_a0.1_b0.1_k512,2000,2000,1.0,0.1,0.1,512.0,512.0,0.84475,0.825924,0.257183,0.092594,0.399201,13.40889082,3.14596513,3600.0,4000.0
runs_idc_ablate/idc_tr2000_te2000_imb1_a0.1_b0.1_k64,2000,2000,1.0,0.1,0.1,64.0,64.0,0.84475,0.80604,0.263945,0.103663,0.421331,11.78550705,0.39757351,3600.0,4000.0
runs_idc_ablate/idc_tr2000_te2000_imb1_a0.1_b0.2_k128,2000,2000,1.0,0.1,0.2,128.0,128.0,0.84625,1.107057,0.277469,0.126079,0.449778,12.56411191,0.70798605,3600.0,4000.0
runs_idc_ablate/idc_tr2000_te2000_imb1_a0.1_b0.2_k256,2000,2000,1.0,0.1,0.2,256.0,256.0,0.8445,0.845476,0.265262,0.108875,0.427591,10.39320292,0.86096808,3600.0,4000.0
runs_idc_ablate/idc_tr2000_te2000_imb1_a0.1_b0.2_k32,2000,2000,1.0,0.1,0.2,32.0,32.0,0.846,0.617944,0.277162,0.119507,0.426685,17.12782432,0.08510704,3600.0,4000.0
runs_idc_ablate/idc_tr2000_te2000_imb1_a0.1_b0.2_k512,2000,2000,1.0,0.1,0.2,512.0,512.0,0.843,0.867906,0.264431,0.098831,0.409645,12.96035621,2.81017624,3600.0,4000.0
runs_idc_ablate/idc_tr2000_te2000_imb1_a0.1_b0.2_k64,2000,2000,1.0,0.1,0.2,64.0,64.0,0.8435,0.866575,0.280589,0.124443,0.441677,16.04897652,1.77277378,3600.0,4000.0
runs_idc_ablate/idc_tr2000_te2000_imb1_a0.1_b0.3_k128,2000,2000,1.0,0.1,0.3,128.0,128.0,0.84675,1.145543,0.287761,0.136899,0.454511,10.48870705,2.48061742,3600.0,4000.0
runs_idc_ablate/idc_tr2000_te2000_imb1_a0.1_b0.3_k256,2000,2000,1.0,0.1,0.3,256.0,256.0,0.84425,0.885126,0.274295,0.121155,0.433372,10.3987058,1.96952318,3600.0,4000.0
runs_idc_ablate/idc_tr2000_te2000_imb1_a0.1_b0.3_k32,2000,2000,1.0,0.1,0.3,32.0,32.0,0.84625,0.647457,0.290628,0.136213,0.429687,11.53977353,0.08449199,3600.0,4000.0
runs_idc_ablate/idc_tr2000_te2000_imb1_a0.1_b0.3_k512,2000,2000,1.0,0.1,0.3,512.0,512.0,0.84375,0.900144,0.272444,0.110079,0.413076,12.8018647,3.35715132,3600.0,4000.0
runs_idc_ablate/idc_tr2000_te2000_imb1_a0.1_b0.3_k64,2000,2000,1.0,0.1,0.3,64.0,64.0,0.84275,0.879289,0.291406,0.136552,0.445854,22.42221779,0.38552715,3600.0,4000.0
runs_idc_ablate/idc_tr2000_te2000_imb1_a0.1_b0.4_k128,2000,2000,1.0,0.1,0.4,128.0,128.0,0.84625,1.172181,0.296313,0.145882,0.455095,10.77862142,1.70333005,3600.0,4000.0
runs_idc_ablate/idc_tr2000_te2000_imb1_a0.1_b0.4_k256,2000,2000,1.0,0.1,0.4,256.0,256.0,0.84425,0.913378,0.283118,0.128222,0.434225,10.04380773,2.44313066,3600.0,4000.0
runs_idc_ablate/idc_tr2000_te2000_imb1_a0.1_b0.4_k32,2000,2000,1.0,0.1,0.4,32.0,32.0,0.8455,0.664806,0.305253,0.150838,0.421595,13.617753,1.38895122,3600.0,4000.0
runs_idc_ablate/idc_tr2000_te2000_imb1_a0.1_b0.4_k512,2000,2000,1.0,0.1,0.4,512.0,512.0,0.8425,0.917219,0.279208,0.115499,0.414597,13.6340828,3.6847206,3600.0,4000.0
runs_idc_ablate/idc_tr2000_te2000_imb1_a0.1_b0.4_k64,2000,2000,1.0,0.1,0.4,64.0,64.0,0.84325,0.903237,0.30239,0.148899,0.443874,12.51018478,1.41450471,3600.0,4000.0
runs_idc_ablate/idc_tr2000_te2000_imb1_a0.1_b0.5_k128,2000,2000,1.0,0.1,0.5,128.0,128.0,0.84625,1.188632,0.303515,0.153605,0.453542,11.3268056,1.83168313,3600.0,4000.0
runs_idc_ablate/idc_tr2000_te2000_imb1_a0.1_b0.5_k256,2000,2000,1.0,0.1,0.5,256.0,256.0,0.84375,0.944636,0.292442,0.137778,0.432722,9.40141538,0.87215025,3600.0,4000.0
runs_idc_ablate/idc_tr2000_te2000_imb1_a0.1_b0.5_k32,2000,2000,1.0,0.1,0.5,32.0,32.0,0.845,0.706612,0.318072,0.16292,0.411163,12.263641,0.09303758,3600.0,4000.0
runs_idc_ablate/idc_tr2000_te2000_imb1_a0.1_b0.5_k64,2000,2000,1.0,0.1,0.5,64.0,64.0,0.84325,0.917051,0.311528,0.158576,0.439813,18.53307706,1.653212,3600.0,4000.0
runs_idc_ablate/idc_tr2000_te2000_imb1_a0.1_b1.0_k128,2000,2000,1.0,0.1,1.0,128.0,128.0,0.846,1.163407,0.342275,0.192146,0.410278,8.5337408,0.60967175,3600.0,4000.0
runs_idc_ablate/idc_tr2000_te2000_imb1_a0.1_b1.0_k256,2000,2000,1.0,0.1,1.0,256.0,256.0,0.84075,0.984651,0.328228,0.173836,0.407374,24.20692531,2.06084622,3600.0,4000.0
runs_idc_ablate/idc_tr2000_te2000_imb1_a0.1_b1.0_k32,2000,2000,1.0,0.1,1.0,32.0,32.0,0.84375,0.706261,0.357305,0.200039,0.348087,31.83923247,1.10628496,3600.0,4000.0
runs_idc_ablate/idc_tr2000_te2000_imb1_a0.1_b1.0_k64,2000,2000,1.0,0.1,1.0,64.0,64.0,0.84325,0.853348,0.353603,0.200335,0.385916,59.44626568,2.50202641,3600.0,4000.0
runs_idc_ablate/idc_tr2000_te2000_imb1_a0.1_b1.5_k128,2000,2000,1.0,0.1,1.5,128.0,128.0,0.84575,1.109614,0.367047,0.216127,0.366509,12.69999625,0.9320718,3600.0,4000.0
runs_idc_ablate/idc_tr2000_te2000_imb1_a0.1_b1.5_k256,2000,2000,1.0,0.1,1.5,256.0,256.0,0.84025,0.990164,0.356334,0.202219,0.372009,32.63569978,2.02449223,3600.0,4000.0
runs_idc_ablate/idc_tr2000_te2000_imb1_a0.1_b1.5_k32,2000,2000,1.0,0.1,1.5,32.0,32.0,0.84075,0.716294,0.380536,0.220034,0.302686,26.36703226,0.10355469,3600.0,4000.0
runs_idc_ablate/idc_tr2000_te2000_imb1_a0.1_b1.5_k64,2000,2000,1.0,0.1,1.5,64.0,64.0,0.84275,0.825802,0.378118,0.223703,0.34311,45.66639056,2.28695317,3600.0,4000.0
runs_idc_ablate/idc_tr2000_te2000_imb1_a0.1_b2.0_k128,2000,2000,1.0,0.1,2.0,128.0,128.0,0.845,1.075733,0.382029,0.230455,0.332623,24.48721351,1.81334607,3600.0,4000.0
runs_idc_ablate/idc_tr2000_te2000_imb1_a0.1_b2.0_k256,2000,2000,1.0,0.1,2.0,256.0,256.0,0.83975,0.996305,0.375935,0.221155,0.341186,18.4195372,1.53040102,3600.0,4000.0
runs_idc_ablate/idc_tr2000_te2000_imb1_a0.1_b2.0_k32,2000,2000,1.0,0.1,2.0,32.0,32.0,0.83275,0.724114,0.391067,0.222116,0.277053,24.343725,1.06208651,3600.0,4000.0
runs_idc_ablate/idc_tr2000_te2000_imb1_a0.1_b2.0_k64,2000,2000,1.0,0.1,2.0,64.0,64.0,0.84175,0.813277,0.387809,0.232004,0.315701,45.56495972,2.30911781,3600.0,4000.0
runs_idc_ablate/idc_tr2000_te2000_imb1_a0.2_b0.1_k128,2000,2000,1.0,0.2,0.1,128.0,128.0,0.8455,0.903316,0.263188,0.105869,0.429319,18.12304232,1.79667027,3600.0,4000.0
runs_idc_ablate/idc_tr2000_te2000_imb1_a0.2_b0.1_k256,2000,2000,1.0,0.2,0.1,256.0,256.0,0.846,0.714368,0.253846,0.092832,0.40947,9.35057707,0.55640302,3600.0,4000.0
runs_idc_ablate/idc_tr2000_te2000_imb1_a0.2_b0.1_k32,2000,2000,1.0,0.2,0.1,32.0,32.0,0.84625,0.501343,0.253483,0.079502,0.379998,19.53029523,0.11359235,3600.0,4000.0
runs_idc_ablate/idc_tr2000_te2000_imb1_a0.2_b0.1_k512,2000,2000,1.0,0.2,0.1,512.0,512.0,0.8445,0.746648,0.255319,0.09065,0.39607,12.39913331,1.55902715,3600.0,4000.0
runs_idc_ablate/idc_tr2000_te2000_imb1_a0.2_b0.1_k64,2000,2000,1.0,0.2,0.1,64.0,64.0,0.845,0.697898,0.259623,0.095055,0.407809,14.21517636,1.01537631,3600.0,4000.0
runs_idc_ablate/idc_tr2000_te2000_imb1_a0.2_b0.2_k128,2000,2000,1.0,0.2,0.2,128.0,128.0,0.84625,0.955231,0.273894,0.120249,0.443149,12.10055938,1.78909572,3600.0,4000.0
runs_idc_ablate/idc_tr2000_te2000_imb1_a0.2_b0.2_k256,2000,2000,1.0,0.2,0.2,256.0,256.0,0.84475,0.750565,0.261949,0.104957,0.421362,9.22244966,0.77470691,3600.0,4000.0
runs_idc_ablate/idc_tr2000_te2000_imb1_a0.2_b0.2_k32,2000,2000,1.0,0.2,0.2,32.0,32.0,0.8455,0.533853,0.268953,0.103409,0.399296,18.05286959,0.08146403,3600.0,4000.0
runs_idc_ablate/idc_tr2000_te2000_imb1_a0.2_b0.2_k512,2000,2000,1.0,0.2,0.2,512.0,512.0,0.84325,0.777809,0.261899,0.095712,0.405288,24.87574445,1.79932984,3600.0,4000.0
runs_idc_ablate/idc_tr2000_te2000_imb1_a0.2_b0.2_k64,2000,2000,1.0,0.2,0.2,64.0,64.0,0.8435,0.738643,0.274342,0.115388,0.425688,10.99209327,0.65747449,3600.0,4000.0
runs_idc_ablate/idc_tr2000_te2000_imb1_a0.2_b0.3_k128,2000,2000,1.0,0.2,0.3,128.0,128.0,0.8465,0.981352,0.2834,0.132915,0.446928,9.72429757,1.58705791,3600.0,4000.0
runs_idc_ablate/idc_tr2000_te2000_imb1_a0.2_b0.3_k256,2000,2000,1.0,0.2,0.3,256.0,256.0,0.844,0.77906,0.270175,0.116479,0.425951,27.63332482,2.34148154,3600.0,4000.0
runs_idc_ablate/idc_tr2000_te2000_imb1_a0.2_b0.3_k32,2000,2000,1.0,0.2,0.3,32.0,32.0,0.84575,0.556385,0.281258,0.119994,0.401041,15.10279665,0.2729521,3600.0,4000.0
runs_idc_ablate/idc_tr2000_te2000_imb1_a0.2_b0.3_k512,2000,2000,1.0,0.2,0.3,512.0,512.0,0.84375,0.801959,0.269417,0.106995,0.407704,12.2289449,1.10444871,3600.0,4000.0
runs_idc_ablate/idc_tr2000_te2000_imb1_a0.2_b0.3_k64,2000,2000,1.0,0.2,0.3,64.0,64.0,0.84275,0.745176,0.284229,0.127885,0.428785,17.00292703,2.52098052,3600.0,4000.0
runs_idc_ablate/idc_tr2000_te2000_imb1_a0.2_b0.4_k128,2000,2000,1.0,0.2,0.4,128.0,128.0,0.8465,1.000199,0.291395,0.142018,0.446853,8.99821529,1.45247119,3600.0,4000.0
runs_idc_ablate/idc_tr2000_te2000_imb1_a0.2_b0.4_k256,2000,2000,1.0,0.2,0.4,256.0,256.0,0.8445,0.79928,0.278328,0.123409,0.425885,10.68207825,2.2365414,3600.0,4000.0
runs_idc_ablate/idc_tr2000_te2000_imb1_a0.2_b0.4_k32,2000,2000,1.0,0.2,0.4,32.0,32.0,0.8455,0.567766,0.295242,0.134645,0.392519,12.28802351,0.30933626,3600.0,4000.0
runs_idc_ablate/idc_tr2000_te2000_imb1_a0.2_b0.4_k512,2000,2000,1.0,0.2,0.4,512.0,512.0,0.84225,0.816351,0.275677,0.113096,0.408443,15.71541095,2.67909407,3600.0,4000.0
runs_idc_ablate/idc_tr2000_te2000_imb1_a0.2_b0.4_k64,2000,2000,1.0,0.2,0.4,64.0,64.0,0.84325,0.7645,0.29464,0.13882,0.426202,27.78433088,2.17783486,3600.0,4000.0
runs_idc_ablate/idc_tr2000_te2000_imb1_a0.2_b0.5_k128,2000,2000,1.0,0.2,0.5,128.0,128.0,0.8465,1.010121,0.298247,0.147876,0.444892,8.24961308,0.79391816,3600.0,4000.0
runs_idc_ablate/idc_tr2000_te2000_imb1_a0.2_b0.5_k256,2000,2000,1.0,0.2,0.5,256.0,256.0,0.8445,0.823695,0.287159,0.132603,0.423753,37.51511717,2.71445366,3600.0,4000.0
runs_idc_ablate/idc_tr2000_te2000_imb1_a0.2_b0.5_k32,2000,2000,1.0,0.2,0.5,32.0,32.0,0.845,0.617007,0.307677,0.146757,0.382004,14.03975428,0.09051919,3600.0,4000.0
runs_idc_ablate/idc_tr2000_te2000_imb1_a0.2_b0.5_k64,2000,2000,1.0,0.2,0.5,64.0,64.0,0.84325,0.776583,0.303377,0.148315,0.421726,22.25988346,1.98746978,3600.0,4000.0
runs_idc_ablate/idc_tr2000_te2000_imb1_a0.2_b1.0_k128,2000,2000,1.0,0.2,1.0,128.0,128.0,0.84625,0.98963,0.336179,0.187047,0.40076,16.66791872,1.68258451,3600.0,4000.0
runs_idc_ablate/idc_tr2000_te2000_imb1_a0.2_b1.0_k256,2000,2000,1.0,0.2,1.0,256.0,256.0,0.841,0.847435,0.321424,0.168424,0.39658,8.51887105,0.8473681,3600.0,4000.0
runs_idc_ablate/idc_tr2000_te2000_imb1_a0.2_b1.0_k32,2000,2000,1.0,0.2,1.0,32.0,32.0,0.84375,0.619967,0.346382,0.18378,0.320122,27.25613804,2.0396527,3600.0,4000.0
runs_idc_ablate/idc_tr2000_te2000_imb1_a0.2_b1.0_k64,2000,2000,1.0,0.2,1.0,64.0,64.0,0.84325,0.735725,0.344598,0.190187,0.367413,19.32978588,1.47460087,3600.0,4000.0
runs_idc_ablate/idc_tr2000_te2000_imb1_a0.2_b1.5_k128,2000,2000,1.0,0.2,1.5,128.0,128.0,0.84575,0.943341,0.360645,0.210311,0.356744,8.48825831,0.72833393,3600.0,4000.0
runs_idc_ablate/idc_tr2000_te2000_imb1_a0.2_b1.5_k256,2000,2000,1.0,0.2,1.5,256.0,256.0,0.8405,0.856608,0.348774,0.196228,0.360479,13.34123577,0.91297672,3600.0,4000.0
runs_idc_ablate/idc_tr2000_te2000_imb1_a0.2_b1.5_k32,2000,2000,1.0,0.2,1.5,32.0,32.0,0.84075,0.640101,0.369686,0.203747,0.27635,15.94901776,1.13012131,3600.0,4000.0
runs_idc_ablate/idc_tr2000_te2000_imb1_a0.2_b1.5_k64,2000,2000,1.0,0.2,1.5,64.0,64.0,0.84275,0.722068,0.368859,0.21315,0.324733,38.26837879,1.8375561,3600.0,4000.0
runs_idc_ablate/idc_tr2000_te2000_imb1_a0.2_b2.0_k128,2000,2000,1.0,0.2,2.0,128.0,128.0,0.845,0.912958,0.375457,0.225152,0.322818,37.03503467,0.77357128,3600.0,4000.0
runs_idc_ablate/idc_tr2000_te2000_imb1_a0.2_b2.0_k256,2000,2000,1.0,0.2,2.0,256.0,256.0,0.83975,0.856266,0.367931,0.214254,0.32933,44.97676085,2.65866664,3600.0,4000.0
runs_idc_ablate/idc_tr2000_te2000_imb1_a0.2_b2.0_k32,2000,2000,1.0,0.2,2.0,32.0,32.0,0.83275,0.644541,0.380449,0.206664,0.251993,13.90736636,0.09050894,3600.0,4000.0
runs_idc_ablate/idc_tr2000_te2000_imb1_a0.2_b2.0_k64,2000,2000,1.0,0.2,2.0,64.0,64.0,0.84175,0.714224,0.378501,0.221572,0.297597,10.89863078,0.71495084,3600.0,4000.0
runs_idc_ablate/idc_tr2000_te2000_imb1_a0.4_b0.01_k128,2000,2000,1.0,0.4,0.01,128.0,128.0,0.844,0.668199,0.249541,0.080154,0.382417,8.92036384,1.30515777,3600.0,4000.0
runs_idc_ablate/idc_tr2000_te2000_imb1_a0.4_b0.01_k256,2000,2000,1.0,0.4,0.01,256.0,256.0,0.84775,0.573916,0.244411,0.074018,0.382526,10.59275269,1.22331958,3600.0,4000.0
runs_idc_ablate/idc_tr2000_te2000_imb1_a0.4_b0.01_k32,2000,2000,1.0,0.4,0.01,32.0,32.0,0.82675,0.450347,0.26056,0.059305,0.216522,17.20178583,0.78114649,3600.0,4000.0
runs_idc_ablate/idc_tr2000_te2000_imb1_a0.4_b0.01_k512,2000,2000,1.0,0.4,0.01,512.0,512.0,0.8485,0.617931,0.245001,0.071664,0.374618,25.78084297,1.8782949,3600.0,4000.0
runs_idc_ablate/idc_tr2000_te2000_imb1_a0.4_b0.01_k64,2000,2000,1.0,0.4,0.01,64.0,64.0,0.8495,0.522921,0.240698,0.048852,0.311741,12.40404821,0.76549821,3600.0,4000.0
runs_idc_ablate/idc_tr2000_te2000_imb1_a0.4_b0.1_k128,2000,2000,1.0,0.4,0.1,128.0,128.0,0.84575,0.734346,0.258038,0.096128,0.416597,21.47024162,2.03712108,3600.0,4000.0
runs_idc_ablate/idc_tr2000_te2000_imb1_a0.4_b0.1_k256,2000,2000,1.0,0.4,0.1,256.0,256.0,0.846,0.607654,0.249638,0.085884,0.399301,8.67434677,0.46167619,3600.0,4000.0
runs_idc_ablate/idc_tr2000_te2000_imb1_a0.4_b0.1_k32,2000,2000,1.0,0.4,0.1,32.0,32.0,0.84475,0.436811,0.244367,0.044606,0.324226,36.35522534,0.08196845,3600.0,4000.0
runs_idc_ablate/idc_tr2000_te2000_imb1_a0.4_b0.1_k512,2000,2000,1.0,0.4,0.1,512.0,512.0,0.84525,0.648062,0.251322,0.085707,0.388655,32.54632724,2.68981595,3600.0,4000.0
runs_idc_ablate/idc_tr2000_te2000_imb1_a0.4_b0.1_k64,2000,2000,1.0,0.4,0.1,64.0,64.0,0.8445,0.567498,0.251055,0.074782,0.37542,10.76113408,0.51229655,3600.0,4000.0
runs_idc_ablate/idc_tr2000_te2000_imb1_a0.4_b0.2_k128,2000,2000,1.0,0.4,0.2,128.0,128.0,0.8475,0.762797,0.266417,0.112447,0.427266,12.27722792,2.54943388,3600.0,4000.0
runs_idc_ablate/idc_tr2000_te2000_imb1_a0.4_b0.2_k256,2000,2000,1.0,0.4,0.2,256.0,256.0,0.84525,0.628018,0.255614,0.096295,0.407612,24.18611045,1.31046442,3600.0,4000.0
runs_idc_ablate/idc_tr2000_te2000_imb1_a0.4_b0.2_k32,2000,2000,1.0,0.4,0.2,32.0,32.0,0.84475,0.454101,0.255177,0.065847,0.337132,14.46641004,0.97312725,3600.0,4000.0
runs_idc_ablate/idc_tr2000_te2000_imb1_a0.4_b0.2_k512,2000,2000,1.0,0.4,0.2,512.0,512.0,0.844,0.66696,0.256603,0.090982,0.395407,39.93803794,1.26464484,3600.0,4000.0
runs_idc_ablate/idc_tr2000_te2000_imb1_a0.4_b0.2_k64,2000,2000,1.0,0.4,0.2,64.0,64.0,0.8435,0.58814,0.261938,0.093327,0.388291,26.31079011,2.42919438,3600.0,4000.0
runs_idc_ablate/idc_tr2000_te2000_imb1_a0.4_b0.3_k128,2000,2000,1.0,0.4,0.3,128.0,128.0,0.84725,0.779856,0.274392,0.120169,0.429107,21.14426489,1.45924046,3600.0,4000.0
runs_idc_ablate/idc_tr2000_te2000_imb1_a0.4_b0.3_k256,2000,2000,1.0,0.4,0.3,256.0,256.0,0.84325,0.645325,0.262383,0.104893,0.409981,10.80340403,2.01087077,3600.0,4000.0
runs_idc_ablate/idc_tr2000_te2000_imb1_a0.4_b0.3_k32,2000,2000,1.0,0.4,0.3,32.0,32.0,0.84575,0.471298,0.265311,0.081389,0.336591,17.17746461,0.99727391,3600.0,4000.0
runs_idc_ablate/idc_tr2000_te2000_imb1_a0.4_b0.3_k512,2000,2000,1.0,0.4,0.3,512.0,512.0,0.8435,0.683687,0.263184,0.09737,0.396131,15.02833933,3.7718544,3600.0,4000.0
runs_idc_ablate/idc_tr2000_te2000_imb1_a0.4_b0.3_k64,2000,2000,1.0,0.4,0.3,64.0,64.0,0.84275,0.592805,0.270072,0.103717,0.389298,10.38131936,0.69027367,3600.0,4000.0
runs_idc_ablate/idc_tr2000_te2000_imb1_a0.4_b0.4_k128,2000,2000,1.0,0.4,0.4,128.0,128.0,0.84675,0.791356,0.281343,0.128278,0.427756,20.20729335,1.91378339,3600.0,4000.0
runs_idc_ablate/idc_tr2000_te2000_imb1_a0.4_b0.4_k256,2000,2000,1.0,0.4,0.4,256.0,256.0,0.8445,0.657921,0.269448,0.113754,0.408378,17.06350161,2.17252027,3600.0,4000.0
runs_idc_ablate/idc_tr2000_te2000_imb1_a0.4_b0.4_k32,2000,2000,1.0,0.4,0.4,32.0,32.0,0.84525,0.480279,0.27812,0.095267,0.327494,27.40429433,0.98202151,3600.0,4000.0
runs_idc_ablate/idc_tr2000_te2000_imb1_a0.4_b0.4_k512,2000,2000,1.0,0.4,0.4,512.0,512.0,0.84425,0.69301,0.268653,0.107626,0.395369,58.88280379,2.97933946,3600.0,4000.0
runs_idc_ablate/idc_tr2000_te2000_imb1_a0.4_b0.4_k64,2000,2000,1.0,0.4,0.4,64.0,64.0,0.84325,0.611117,0.279417,0.114356,0.385587,21.03864588,2.53441383,3600.0,4000.0
runs_idc_ablate/idc_tr2000_te2000_imb1_a0.4_b0.5_k128,2000,2000,1.0,0.4,0.5,128.0,128.0,0.84675,0.798238,0.287502,0.134973,0.425002,26.46874489,2.68533718,3600.0,4000.0
runs_idc_ablate/idc_tr2000_te2000_imb1_a0.4_b0.5_k256,2000,2000,1.0,0.4,0.5,256.0,256.0,0.84375,0.677448,0.277376,0.119169,0.405055,31.87946038,3.03238426,3600.0,4000.0
runs_idc_ablate/idc_tr2000_te2000_imb1_a0.4_b0.5_k32,2000,2000,1.0,0.4,0.5,32.0,32.0,0.8445,0.532021,0.289848,0.106928,0.317063,24.14555054,0.99367623,3600.0,4000.0
runs_idc_ablate/idc_tr2000_te2000_imb1_a0.4_b0.5_k64,2000,2000,1.0,0.4,0.5,64.0,64.0,0.84325,0.614462,0.287458,0.123907,0.380415,12.2362338,0.42617585,3600.0,4000.0
runs_idc_ablate/idc_tr2000_te2000_imb1_a0.4_b0.7_k128,2000,2000,1.0,0.4,0.7,128.0,128.0,0.847,0.828865,0.305893,0.155445,0.407941,15.28567491,0.40782664,3600.0,4000.0
runs_idc_ablate/idc_tr2000_te2000_imb1_a0.4_b0.7_k256,2000,2000,1.0,0.4,0.7,256.0,256.0,0.8435,0.683145,0.290269,0.134588,0.396088,14.21842481,0.45145222,3600.0,4000.0
runs_idc_ablate/idc_tr2000_te2000_imb1_a0.4_b0.7_k32,2000,2000,1.0,0.4,0.7,32.0,32.0,0.844,0.519402,0.307923,0.125405,0.293912,16.45084157,1.07065277,3600.0,4000.0
runs_idc_ablate/idc_tr2000_te2000_imb1_a0.4_b0.7_k512,2000,2000,1.0,0.4,0.7,512.0,512.0,0.8425,0.718988,0.289393,0.127615,0.384889,24.40891665,3.2831673,3600.0,4000.0
runs_idc_ablate/idc_tr2000_te2000_imb1_a0.4_b0.7_k64,2000,2000,1.0,0.4,0.7,64.0,64.0,0.8435,0.636101,0.305915,0.143703,0.35912,17.54886234,0.72524495,3600.0,4000.0
runs_idc_ablate/idc_tr2000_te2000_imb1_a0.4_b0.9_k128,2000,2000,1.0,0.4,0.9,128.0,128.0,0.8465,0.775619,0.316957,0.166049,0.388123,10.41789321,2.02932948,3600.0,4000.0
runs_idc_ablate/idc_tr2000_te2000_imb1_a0.4_b0.9_k256,2000,2000,1.0,0.4,0.9,256.0,256.0,0.84175,0.716338,0.303925,0.147631,0.38281,11.69193154,1.44452847,3600.0,4000.0
runs_idc_ablate/idc_tr2000_te2000_imb1_a0.4_b0.9_k32,2000,2000,1.0,0.4,0.9,32.0,32.0,0.844,0.54517,0.321991,0.138963,0.270458,11.66280476,0.09765937,3600.0,4000.0
runs_idc_ablate/idc_tr2000_te2000_imb1_a0.4_b0.9_k512,2000,2000,1.0,0.4,0.9,512.0,512.0,0.84075,0.759156,0.302443,0.140976,0.375323,12.50383887,2.26042176,3600.0,4000.0
runs_idc_ablate/idc_tr2000_te2000_imb1_a0.4_b0.9_k64,2000,2000,1.0,0.4,0.9,64.0,64.0,0.84325,0.642908,0.321728,0.15982,0.33681,15.3287655,1.49842842,3600.0,4000.0
runs_idc_ablate/idc_tr2000_te2000_imb1_a0.4_b1.0_k128,2000,2000,1.0,0.4,1.0,128.0,128.0,0.84625,0.794441,0.323838,0.173289,0.379414,8.13840942,1.94323179,3600.0,4000.0
runs_idc_ablate/idc_tr2000_te2000_imb1_a0.4_b1.0_k256,2000,2000,1.0,0.4,1.0,256.0,256.0,0.84175,0.697632,0.309043,0.154428,0.374719,35.84553047,2.65114309,3600.0,4000.0
runs_idc_ablate/idc_tr2000_te2000_imb1_a0.4_b1.0_k32,2000,2000,1.0,0.4,1.0,32.0,32.0,0.8435,0.548636,0.327774,0.1446,0.258919,28.84484615,1.9507542,3600.0,4000.0
runs_idc_ablate/idc_tr2000_te2000_imb1_a0.4_b1.0_k64,2000,2000,1.0,0.4,1.0,64.0,64.0,0.84325,0.612878,0.327062,0.164996,0.325588,13.27466023,0.4548076,3600.0,4000.0
runs_idc_ablate/idc_tr2000_te2000_imb1_a0.4_b1.5_k128,2000,2000,1.0,0.4,1.5,128.0,128.0,0.84625,0.763078,0.347725,0.197342,0.335075,18.81332394,2.2864388,3600.0,4000.0
runs_idc_ablate/idc_tr2000_te2000_imb1_a0.4_b1.5_k256,2000,2000,1.0,0.4,1.5,256.0,256.0,0.84025,0.713634,0.335015,0.181741,0.33742,15.58203159,2.15740467,3600.0,4000.0
runs_idc_ablate/idc_tr2000_te2000_imb1_a0.4_b1.5_k32,2000,2000,1.0,0.4,1.5,32.0,32.0,0.84075,0.575565,0.35123,0.166487,0.219353,38.87328124,1.2155223,3600.0,4000.0
runs_idc_ablate/idc_tr2000_te2000_imb1_a0.4_b1.5_k64,2000,2000,1.0,0.4,1.5,64.0,64.0,0.84275,0.60916,0.350922,0.187625,0.283469,42.04379504,1.34187131,3600.0,4000.0
runs_idc_ablate/idc_tr2000_te2000_imb1_a0.4_b2.0_k128,2000,2000,1.0,0.4,2.0,128.0,128.0,0.84525,0.743457,0.362318,0.211263,0.301325,21.41919386,1.45020003,3600.0,4000.0
runs_idc_ablate/idc_tr2000_te2000_imb1_a0.4_b2.0_k256,2000,2000,1.0,0.4,2.0,256.0,256.0,0.84,0.708227,0.353491,0.200266,0.305913,11.46425146,0.82035951,3600.0,4000.0
runs_idc_ablate/idc_tr2000_te2000_imb1_a0.4_b2.0_k32,2000,2000,1.0,0.4,2.0,32.0,32.0,0.83275,0.576514,0.36245,0.170259,0.198143,14.80533488,0.08740657,3600.0,4000.0
runs_idc_ablate/idc_tr2000_te2000_imb1_a0.4_b2.0_k64,2000,2000,1.0,0.4,2.0,64.0,64.0,0.84175,0.615634,0.360563,0.19643,0.257162,31.86122858,0.41808202,3600.0,4000.0
runs_idc_ablate/idc_tr2000_te2000_imb1_a0.5_b0.1_k128,2000,2000,1.0,0.5,0.1,128.0,128.0,0.84625,0.66577,0.255153,0.091834,0.408205,15.41032176,1.01470231,3600.0,4000.0
runs_idc_ablate/idc_tr2000_te2000_imb1_a0.5_b0.1_k256,2000,2000,1.0,0.5,0.1,256.0,256.0,0.8465,0.566276,0.247473,0.082351,0.393002,14.59389555,2.46969195,3600.0,4000.0
runs_idc_ablate/idc_tr2000_te2000_imb1_a0.5_b0.1_k32,2000,2000,1.0,0.5,0.1,32.0,32.0,0.84525,0.420876,0.242041,0.027195,0.291181,15.0944249,1.38301531,3600.0,4000.0
runs_idc_ablate/idc_tr2000_te2000_imb1_a0.5_b0.1_k512,2000,2000,1.0,0.5,0.1,512.0,512.0,0.846,0.606772,0.249187,0.082611,0.384273,13.44485638,3.38899154,3600.0,4000.0
runs_idc_ablate/idc_tr2000_te2000_imb1_a0.5_b0.1_k64,2000,2000,1.0,0.5,0.1,64.0,64.0,0.844,0.522329,0.247026,0.06238,0.35561,12.94902539,1.37233705,3600.0,4000.0
runs_idc_ablate/idc_tr2000_te2000_imb1_a0.5_b0.2_k128,2000,2000,1.0,0.5,0.2,128.0,128.0,0.84775,0.687373,0.262396,0.104167,0.4172,10.52841052,1.70136646,3600.0,4000.0
runs_idc_ablate/idc_tr2000_te2000_imb1_a0.5_b0.2_k256,2000,2000,1.0,0.5,0.2,256.0,256.0,0.84525,0.581805,0.252736,0.0903,0.399345,10.96017827,2.02099665,3600.0,4000.0
runs_idc_ablate/idc_tr2000_te2000_imb1_a0.5_b0.2_k32,2000,2000,1.0,0.5,0.2,32.0,32.0,0.8445,0.433815,0.250734,0.041053,0.301018,14.97769694,1.23692774,3600.0,4000.0
runs_idc_ablate/idc_tr2000_te2000_imb1_a0.5_b0.2_k512,2000,2000,1.0,0.5,0.2,512.0,512.0,0.84475,0.621938,0.25407,0.086861,0.389608,14.35394545,3.66624416,3600.0,4000.0
runs_idc_ablate/idc_tr2000_te2000_imb1_a0.5_b0.2_k64,2000,2000,1.0,0.5,0.2,64.0,64.0,0.84375,0.538048,0.256464,0.078753,0.365625,11.47694767,1.44319786,3600.0,4000.0
runs_idc_ablate/idc_tr2000_te2000_imb1_a0.5_b0.3_k128,2000,2000,1.0,0.5,0.3,128.0,128.0,0.8475,0.69921,0.269742,0.113086,0.417907,9.18851301,0.73803082,3600.0,4000.0
runs_idc_ablate/idc_tr2000_te2000_imb1_a0.5_b0.3_k256,2000,2000,1.0,0.5,0.3,256.0,256.0,0.84325,0.595477,0.258755,0.097519,0.400871,9.76560406,2.30405916,3600.0,4000.0
runs_idc_ablate/idc_tr2000_te2000_imb1_a0.5_b0.3_k32,2000,2000,1.0,0.5,0.3,32.0,32.0,0.845,0.450463,0.260386,0.057285,0.299084,13.82211862,1.45652269,3600.0,4000.0
runs_idc_ablate/idc_tr2000_te2000_imb1_a0.5_b0.3_k512,2000,2000,1.0,0.5,0.3,512.0,512.0,0.84375,0.636115,0.260228,0.094715,0.389393,12.41775037,3.08917307,3600.0,4000.0
runs_idc_ablate/idc_tr2000_te2000_imb1_a0.5_b0.3_k64,2000,2000,1.0,0.5,0.3,64.0,64.0,0.84275,0.541849,0.263628,0.088932,0.365679,12.37854039,1.5524923,3600.0,4000.0
runs_idc_ablate/idc_tr2000_te2000_imb1_a0.5_b0.4_k128,2000,2000,1.0,0.5,0.4,128.0,128.0,0.847,0.711508,0.276098,0.120448,0.416181,9.4211622,0.82318638,3600.0,4000.0
runs_idc_ablate/idc_tr2000_te2000_imb1_a0.5_b0.4_k256,2000,2000,1.0,0.5,0.4,256.0,256.0,0.844,0.606274,0.265669,0.107786,0.398086,13.50802866,2.66268743,3600.0,4000.0
runs_idc_ablate/idc_tr2000_te2000_imb1_a0.5_b0.4_k32,2000,2000,1.0,0.5,0.4,32.0,32.0,0.84525,0.45933,0.272918,0.071462,0.289465,19.7617844,0.09755522,3600.0,4000.0
runs_idc_ablate/idc_tr2000_te2000_imb1_a0.5_b0.4_k512,2000,2000,1.0,0.5,0.4,512.0,512.0,0.84475,0.643923,0.265229,0.102776,0.387778,14.82119929,4.03700317,3600.0,4000.0
runs_idc_ablate/idc_tr2000_te2000_imb1_a0.5_b0.4_k64,2000,2000,1.0,0.5,0.4,64.0,64.0,0.84275,0.560307,0.27249,0.098952,0.361354,10.13586303,0.77637507,3600.0,4000.0
runs_idc_ablate/idc_tr2000_te2000_imb1_a0.8_b0.01_k128,2000,2000,1.0,0.8,0.01,128.0,128.0,0.8445,0.484083,0.242168,0.052044,0.340621,11.22535737,1.69704898,3600.0,4000.0
runs_idc_ablate/idc_tr2000_te2000_imb1_a0.8_b0.01_k256,2000,2000,1.0,0.8,0.01,256.0,256.0,0.848,0.456816,0.239459,0.056782,0.354852,9.38880759,1.24353608,3600.0,4000.0
runs_idc_ablate/idc_tr2000_te2000_imb1_a0.8_b0.01_k32,2000,2000,1.0,0.8,0.01,32.0,32.0,0.79475,0.476221,0.305875,0.093807,0.118117,19.60794209,0.10117225,3600.0,4000.0
runs_idc_ablate/idc_tr2000_te2000_imb1_a0.8_b0.01_k512,2000,2000,1.0,0.8,0.01,512.0,512.0,0.84775,0.485153,0.23991,0.061196,0.358165,13.76588424,2.67690876,3600.0,4000.0
runs_idc_ablate/idc_tr2000_te2000_imb1_a0.8_b0.01_k64,2000,2000,1.0,0.8,0.01,64.0,64.0,0.84325,0.436997,0.248512,0.067513,0.239053,10.5642127,1.05095101,3600.0,4000.0
runs_idc_ablate/idc_tr2000_te2000_imb1_a0.8_b0.3_k128,2000,2000,1.0,0.8,0.3,128.0,128.0,0.84825,0.51253,0.253353,0.08068,0.361726,13.26932159,2.61719315,3600.0,4000.0
runs_idc_ablate/idc_tr2000_te2000_imb1_a0.8_b0.3_k256,2000,2000,1.0,0.8,0.3,256.0,256.0,0.84675,0.475925,0.247382,0.070197,0.361485,9.83217243,1.70763209,3600.0,4000.0
runs_idc_ablate/idc_tr2000_te2000_imb1_a0.8_b0.3_k32,2000,2000,1.0,0.8,0.3,32.0,32.0,0.84475,0.452023,0.28014,0.102079,0.152797,12.12602987,0.91233322,3600.0,4000.0
runs_idc_ablate/idc_tr2000_te2000_imb1_a0.8_b0.3_k512,2000,2000,1.0,0.8,0.3,512.0,512.0,0.8435,0.509551,0.248774,0.070477,0.361704,19.89593088,3.35787089,3600.0,4000.0
runs_idc_ablate/idc_tr2000_te2000_imb1_a0.8_b0.3_k64,2000,2000,1.0,0.8,0.3,64.0,64.0,0.84425,0.441634,0.251424,0.044839,0.26469,12.20342808,1.48668434,3600.0,4000.0
runs_idc_ablate/idc_tr2000_te2000_imb1_a0.8_b0.7_k128,2000,2000,1.0,0.8,0.7,128.0,128.0,0.8475,0.566438,0.281008,0.108762,0.335068,11.2543268,1.67068277,3600.0,4000.0
runs_idc_ablate/idc_tr2000_te2000_imb1_a0.8_b0.7_k256,2000,2000,1.0,0.8,0.7,256.0,256.0,0.845,0.498095,0.270118,0.094667,0.339814,29.32859704,2.60672004,3600.0,4000.0
runs_idc_ablate/idc_tr2000_te2000_imb1_a0.8_b0.7_k32,2000,2000,1.0,0.8,0.7,32.0,32.0,0.84325,0.506542,0.318701,0.13862,0.119998,14.73624782,0.23358339,3600.0,4000.0
runs_idc_ablate/idc_tr2000_te2000_imb1_a0.8_b0.7_k512,2000,2000,1.0,0.8,0.7,512.0,512.0,0.84275,0.533348,0.270312,0.093635,0.341743,13.45242375,1.44898303,3600.0,4000.0
runs_idc_ablate/idc_tr2000_te2000_imb1_a0.8_b0.7_k64,2000,2000,1.0,0.8,0.7,64.0,64.0,0.84275,0.491448,0.283813,0.078841,0.230108,26.91707949,2.30521558,3600.0,4000.0
runs_idc_ablate/idc_tr2000_te2000_imb1_a0.8_b0.9_k128,2000,2000,1.0,0.8,0.9,128.0,128.0,0.84725,0.533762,0.291305,0.120766,0.314393,17.44687236,0.6255687,3600.0,4000.0
runs_idc_ablate/idc_tr2000_te2000_imb1_a0.8_b0.9_k256,2000,2000,1.0,0.8,0.9,256.0,256.0,0.84475,0.53508,0.283001,0.108613,0.324202,12.4032074,2.60845114,3600.0,4000.0
runs_idc_ablate/idc_tr2000_te2000_imb1_a0.8_b0.9_k32,2000,2000,1.0,0.8,0.9,32.0,32.0,0.84325,0.532529,0.333853,0.157866,0.104863,11.88028287,0.21184381,3600.0,4000.0
runs_idc_ablate/idc_tr2000_te2000_imb1_a0.8_b0.9_k512,2000,2000,1.0,0.8,0.9,512.0,512.0,0.84225,0.576097,0.281869,0.105704,0.329137,12.51851459,2.81179374,3600.0,4000.0
runs_idc_ablate/idc_tr2000_te2000_imb1_a0.8_b0.9_k64,2000,2000,1.0,0.8,0.9,64.0,64.0,0.843,0.525012,0.299197,0.095599,0.209031,30.64717264,0.94913905,3600.0,4000.0
runs_idc_ablate/idc_tr2000_te2000_imb8_a0.1_b0.1_k128,2000,2000,8.0,0.1,0.1,128.0,128.0,0.77225,1.365259,0.393494,0.174555,0.361726,2.84076266,0.83525015,2030.0,4000.0
runs_idc_ablate/idc_tr2000_te2000_imb8_a0.1_b0.1_k256,2000,2000,8.0,0.1,0.1,256.0,256.0,0.7555,1.575245,0.391962,0.15861,0.29347,3.79531717,0.39614983,2030.0,4000.0
runs_idc_ablate/idc_tr2000_te2000_imb8_a0.1_b0.1_k32,2000,2000,8.0,0.1,0.1,32.0,32.0,0.611,1.509734,0.73133,0.368152,0.194435,4.09203475,0.08434387,2030.0,4000.0
runs_idc_ablate/idc_tr2000_te2000_imb8_a0.1_b0.1_k512,2000,2000,8.0,0.1,0.1,512.0,512.0,0.73375,2.425378,0.467904,0.209798,0.297896,6.10855988,1.09996421,2030.0,4000.0
runs_idc_ablate/idc_tr2000_te2000_imb8_a0.1_b0.1_k64,2000,2000,8.0,0.1,0.1,64.0,64.0,0.78075,0.976012,0.371514,0.159151,0.3581,2.91509824,1.61196758,2030.0,4000.0
runs_idc_ablate/idc_tr2000_te2000_imb8_a0.1_b0.2_k128,2000,2000,8.0,0.1,0.2,128.0,128.0,0.7775,1.46596,0.404667,0.190387,0.39122,3.33633005,0.67275378,2030.0,4000.0
runs_idc_ablate/idc_tr2000_te2000_imb8_a0.1_b0.2_k256,2000,2000,8.0,0.1,0.2,256.0,256.0,0.758,1.65366,0.401791,0.182556,0.331689,10.74804806,0.83175713,2030.0,4000.0
runs_idc_ablate/idc_tr2000_te2000_imb8_a0.1_b0.2_k32,2000,2000,8.0,0.1,0.2,32.0,32.0,0.60625,1.529879,0.740423,0.370448,0.192893,3.61469396,0.08523845,2030.0,4000.0
runs_idc_ablate/idc_tr2000_te2000_imb8_a0.1_b0.2_k512,2000,2000,8.0,0.1,0.2,512.0,512.0,0.74275,2.495888,0.47134,0.214194,0.315448,13.79661013,4.03583627,2030.0,4000.0
runs_idc_ablate/idc_tr2000_te2000_imb8_a0.1_b0.2_k64,2000,2000,8.0,0.1,0.2,64.0,64.0,0.78625,1.050235,0.386938,0.179726,0.398395,2.80972709,0.39407146,2030.0,4000.0
runs_idc_ablate/idc_tr2000_te2000_imb8_a0.1_b0.3_k128,2000,2000,8.0,0.1,0.3,128.0,128.0,0.7755,1.516286,0.417352,0.201546,0.401467,4.10513124,1.55467165,2030.0,4000.0
runs_idc_ablate/idc_tr2000_te2000_imb8_a0.1_b0.3_k256,2000,2000,8.0,0.1,0.3,256.0,256.0,0.75775,1.729185,0.415626,0.196437,0.352441,19.2959159,2.73562896,2030.0,4000.0
runs_idc_ablate/idc_tr2000_te2000_imb8_a0.1_b0.3_k32,2000,2000,8.0,0.1,0.3,32.0,32.0,0.6015,1.554832,0.751627,0.377109,0.19133,8.42338856,1.26696049,2030.0,4000.0
runs_idc_ablate/idc_tr2000_te2000_imb8_a0.1_b0.3_k512,2000,2000,8.0,0.1,0.3,512.0,512.0,0.7395,2.568673,0.478163,0.217814,0.327574,6.28377394,1.54255134,2030.0,4000.0
runs_idc_ablate/idc_tr2000_te2000_imb8_a0.1_b0.3_k64,2000,2000,8.0,0.1,0.3,64.0,64.0,0.786,1.091069,0.401442,0.193754,0.408778,12.44856837,0.44329886,2030.0,4000.0
runs_idc_ablate/idc_tr2000_te2000_imb8_a0.1_b0.4_k128,2000,2000,8.0,0.1,0.4,128.0,128.0,0.77475,1.538559,0.426616,0.210811,0.406125,12.23003669,0.91408934,2030.0,4000.0
runs_idc_ablate/idc_tr2000_te2000_imb8_a0.1_b0.4_k256,2000,2000,8.0,0.1,0.4,256.0,256.0,0.7585,1.781482,0.427682,0.208551,0.364073,11.42124538,0.81330538,2030.0,4000.0
runs_idc_ablate/idc_tr2000_te2000_imb8_a0.1_b0.4_k32,2000,2000,8.0,0.1,0.4,32.0,32.0,0.59725,1.55572,0.760712,0.381713,0.190528,9.24315709,0.11891091,2030.0,4000.0
runs_idc_ablate/idc_tr2000_te2000_imb8_a0.1_b0.4_k512,2000,2000,8.0,0.1,0.4,512.0,512.0,0.7375,2.626234,0.486233,0.227811,0.335568,36.9492453,1.46413012,2030.0,4000.0
runs_idc_ablate/idc_tr2000_te2000_imb8_a0.1_b0.4_k64,2000,2000,8.0,0.1,0.4,64.0,64.0,0.78625,1.130456,0.412533,0.20454,0.411591,10.72683469,0.48200176,2030.0,4000.0
runs_idc_ablate/idc_tr2000_te2000_imb8_a0.1_b0.5_k128,2000,2000,8.0,0.1,0.5,128.0,128.0,0.774,1.566557,0.436383,0.2194,0.407857,3.76072024,0.52697447,2030.0,4000.0
runs_idc_ablate/idc_tr2000_te2000_imb8_a0.1_b0.5_k256,2000,2000,8.0,0.1,0.5,256.0,256.0,0.75925,1.840993,0.441718,0.221354,0.369954,14.66043269,2.00515002,2030.0,4000.0
runs_idc_ablate/idc_tr2000_te2000_imb8_a0.1_b0.5_k32,2000,2000,8.0,0.1,0.5,32.0,32.0,0.59425,1.606797,0.771089,0.389251,0.190983,4.3626209,0.09159775,2030.0,4000.0
runs_idc_ablate/idc_tr2000_te2000_imb8_a0.1_b0.5_k64,2000,2000,8.0,0.1,0.5,64.0,64.0,0.7855,1.113074,0.421183,0.21165,0.410081,20.14286657,2.84484333,2030.0,4000.0
runs_idc_ablate/idc_tr2000_te2000_imb8_a0.1_b1.0_k128,2000,2000,8.0,0.1,1.0,128.0,128.0,0.77325,1.522118,0.475516,0.255531,0.395548,44.96206091,3.21528198,2030.0,4000.0
runs_idc_ablate/idc_tr2000_te2000_imb8_a0.1_b1.0_k256,2000,2000,8.0,0.1,1.0,256.0,256.0,0.757,1.899912,0.485707,0.25577,0.374248,16.44353106,2.35299262,2030.0,4000.0
runs_idc_ablate/idc_tr2000_te2000_imb8_a0.1_b1.0_k32,2000,2000,8.0,0.1,1.0,32.0,32.0,0.585,1.619146,0.80889,0.417099,0.196909,18.66349352,1.61746127,2030.0,4000.0
runs_idc_ablate/idc_tr2000_te2000_imb8_a0.1_b1.0_k64,2000,2000,8.0,0.1,1.0,64.0,64.0,0.78425,1.092582,0.463257,0.250609,0.383872,7.85069277,2.35650312,2030.0,4000.0
runs_idc_ablate/idc_tr2000_te2000_imb8_a0.1_b1.5_k128,2000,2000,8.0,0.1,1.5,128.0,128.0,0.77225,1.443233,0.502386,0.28098,0.37491,7.56328587,2.45888612,2030.0,4000.0
runs_idc_ablate/idc_tr2000_te2000_imb8_a0.1_b1.5_k256,2000,2000,8.0,0.1,1.5,256.0,256.0,0.75675,1.826333,0.515613,0.281678,0.362058,30.29549158,3.04682939,2030.0,4000.0
runs_idc_ablate/idc_tr2000_te2000_imb8_a0.1_b1.5_k32,2000,2000,8.0,0.1,1.5,32.0,32.0,0.567,1.527833,0.80766,0.396396,0.180042,10.75287441,0.18311366,2030.0,4000.0
runs_idc_ablate/idc_tr2000_te2000_imb8_a0.1_b1.5_k64,2000,2000,8.0,0.1,1.5,64.0,64.0,0.77625,1.011158,0.488448,0.267913,0.352926,10.01051478,1.75072302,2030.0,4000.0
runs_idc_ablate/idc_tr2000_te2000_imb8_a0.1_b2.0_k128,2000,2000,8.0,0.1,2.0,128.0,128.0,0.771,1.386833,0.51879,0.295302,0.356411,2.84316977,0.5297322,2030.0,4000.0
runs_idc_ablate/idc_tr2000_te2000_imb8_a0.1_b2.0_k256,2000,2000,8.0,0.1,2.0,256.0,256.0,0.7565,1.742388,0.535131,0.298692,0.348149,12.36329582,1.55273456,2030.0,4000.0
runs_idc_ablate/idc_tr2000_te2000_imb8_a0.1_b2.0_k32,2000,2000,8.0,0.1,2.0,32.0,32.0,0.55375,1.493193,0.802331,0.376922,0.166812,16.19853195,1.8262129,2030.0,4000.0
runs_idc_ablate/idc_tr2000_te2000_imb8_a0.1_b2.0_k64,2000,2000,8.0,0.1,2.0,64.0,64.0,0.76825,1.021403,0.503168,0.273895,0.331233,2.99649835,0.62823739,2030.0,4000.0
runs_idc_ablate/idc_tr2000_te2000_imb8_a0.2_b0.1_k128,2000,2000,8.0,0.2,0.1,128.0,128.0,0.772,1.218972,0.389775,0.172267,0.354436,3.10629383,0.53019504,2030.0,4000.0
runs_idc_ablate/idc_tr2000_te2000_imb8_a0.2_b0.1_k256,2000,2000,8.0,0.2,0.1,256.0,256.0,0.7535,1.478431,0.39302,0.155636,0.288429,12.46492005,1.92098658,2030.0,4000.0
runs_idc_ablate/idc_tr2000_te2000_imb8_a0.2_b0.1_k32,2000,2000,8.0,0.2,0.1,32.0,32.0,0.611,1.265523,0.700516,0.353238,0.181087,6.86563742,0.61833213,2030.0,4000.0
runs_idc_ablate/idc_tr2000_te2000_imb8_a0.2_b0.1_k512,2000,2000,8.0,0.2,0.1,512.0,512.0,0.73225,2.181298,0.467799,0.211033,0.295617,24.80304464,3.08717331,2030.0,4000.0
runs_idc_ablate/idc_tr2000_te2000_imb8_a0.2_b0.1_k64,2000,2000,8.0,0.2,0.1,64.0,64.0,0.78,0.856757,0.365858,0.151238,0.341674,3.41822852,1.71805111,2030.0,4000.0
runs_idc_ablate/idc_tr2000_te2000_imb8_a0.2_b0.2_k128,2000,2000,8.0,0.2,0.2,128.0,128.0,0.7775,1.281021,0.398887,0.185368,0.381796,7.5321579,1.2385799,2030.0,4000.0
runs_idc_ablate/idc_tr2000_te2000_imb8_a0.2_b0.2_k256,2000,2000,8.0,0.2,0.2,256.0,256.0,0.7555,1.542377,0.400091,0.174514,0.322068,6.20561366,0.63841252,2030.0,4000.0
runs_idc_ablate/idc_tr2000_te2000_imb8_a0.2_b0.2_k32,2000,2000,8.0,0.2,0.2,32.0,32.0,0.60625,1.282108,0.709129,0.355738,0.179744,3.72673107,0.08106899,2030.0,4000.0
runs_idc_ablate/idc_tr2000_te2000_imb8_a0.2_b0.2_k512,2000,2000,8.0,0.2,0.2,512.0,512.0,0.7415,2.244646,0.470219,0.210469,0.311781,7.14124482,1.30155543,2030.0,4000.0
runs_idc_ablate/idc_tr2000_te2000_imb8_a0.2_b0.2_k64,2000,2000,8.0,0.2,0.2,64.0,64.0,0.786,0.903054,0.378077,0.168976,0.377448,7.94953655,1.4247064,2030.0,4000.0
runs_idc_ablate/idc_tr2000_te2000_imb8_a0.2_b0.3_k128,2000,2000,8.0,0.2,0.3,128.0,128.0,0.77575,1.312431,0.410406,0.196792,0.391037,2.82385905,0.53629716,2030.0,4000.0
runs_idc_ablate/idc_tr2000_te2000_imb8_a0.2_b0.3_k256,2000,2000,8.0,0.2,0.3,256.0,256.0,0.7575,1.600409,0.411772,0.19025,0.340107,7.39015021,2.10705132,2030.0,4000.0
runs_idc_ablate/idc_tr2000_te2000_imb8_a0.2_b0.3_k32,2000,2000,8.0,0.2,0.3,32.0,32.0,0.6015,1.303704,0.720217,0.362138,0.17838,8.43640011,0.21648241,2030.0,4000.0
runs_idc_ablate/idc_tr2000_te2000_imb8_a0.2_b0.3_k512,2000,2000,8.0,0.2,0.3,512.0,512.0,0.74025,2.305637,0.475956,0.216161,0.322848,6.47417901,2.59725579,2030.0,4000.0
runs_idc_ablate/idc_tr2000_te2000_imb8_a0.2_b0.3_k64,2000,2000,8.0,0.2,0.3,64.0,64.0,0.7855,0.931186,0.391276,0.18187,0.386244,10.71038147,2.02293609,2030.0,4000.0
runs_idc_ablate/idc_tr2000_te2000_imb8_a0.2_b0.4_k128,2000,2000,8.0,0.2,0.4,128.0,128.0,0.77425,1.326318,0.419013,0.204032,0.39508,5.33947219,0.62338617,2030.0,4000.0
runs_idc_ablate/idc_tr2000_te2000_imb8_a0.2_b0.4_k256,2000,2000,8.0,0.2,0.4,256.0,256.0,0.757,1.636563,0.422423,0.19937,0.350013,9.310495,1.4200745,2030.0,4000.0
runs_idc_ablate/idc_tr2000_te2000_imb8_a0.2_b0.4_k32,2000,2000,8.0,0.2,0.4,32.0,32.0,0.59725,1.309235,0.72922,0.366992,0.17751,4.19853429,1.05185228,2030.0,4000.0
runs_idc_ablate/idc_tr2000_te2000_imb8_a0.2_b0.4_k512,2000,2000,8.0,0.2,0.4,512.0,512.0,0.73875,2.350412,0.483356,0.224982,0.329781,7.64713494,4.29052121,2030.0,4000.0
runs_idc_ablate/idc_tr2000_te2000_imb8_a0.2_b0.4_k64,2000,2000,8.0,0.2,0.4,64.0,64.0,0.786,0.969078,0.401725,0.192928,0.388414,9.4936105,1.82170929,2030.0,4000.0
runs_idc_ablate/idc_tr2000_te2000_imb8_a0.2_b0.5_k128,2000,2000,8.0,0.2,0.5,128.0,128.0,0.77375,1.348811,0.428261,0.213387,0.396431,16.72232,1.81410357,2030.0,4000.0
runs_idc_ablate/idc_tr2000_te2000_imb8_a0.2_b0.5_k256,2000,2000,8.0,0.2,0.5,256.0,256.0,0.7585,1.680892,0.435266,0.213014,0.35484,13.0644645,2.18891146,2030.0,4000.0
runs_idc_ablate/idc_tr2000_te2000_imb8_a0.2_b0.5_k32,2000,2000,8.0,0.2,0.5,32.0,32.0,0.59425,1.359911,0.739604,0.37492,0.177897,3.41412836,0.08657325,2030.0,4000.0
runs_idc_ablate/idc_tr2000_te2000_imb8_a0.2_b0.5_k64,2000,2000,8.0,0.2,0.5,64.0,64.0,0.78525,0.949879,0.409995,0.199881,0.386563,8.41950013,2.31447037,2030.0,4000.0
runs_idc_ablate/idc_tr2000_te2000_imb8_a0.2_b1.0_k128,2000,2000,8.0,0.2,1.0,128.0,128.0,0.77325,1.301212,0.466395,0.248764,0.383315,12.66313501,1.2819385,2030.0,4000.0
runs_idc_ablate/idc_tr2000_te2000_imb8_a0.2_b1.0_k256,2000,2000,8.0,0.2,1.0,256.0,256.0,0.75775,1.699859,0.476413,0.248428,0.357141,5.68046696,0.7271939,2030.0,4000.0
runs_idc_ablate/idc_tr2000_te2000_imb8_a0.2_b1.0_k32,2000,2000,8.0,0.2,1.0,32.0,32.0,0.585,1.371507,0.777887,0.403539,0.182614,7.50446409,0.78072764,2030.0,4000.0
runs_idc_ablate/idc_tr2000_te2000_imb8_a0.2_b1.0_k64,2000,2000,8.0,0.2,1.0,64.0,64.0,0.78425,0.945865,0.451334,0.238574,0.36012,7.60637146,1.13616293,2030.0,4000.0
runs_idc_ablate/idc_tr2000_te2000_imb8_a0.2_b1.5_k128,2000,2000,8.0,0.2,1.5,128.0,128.0,0.77225,1.234905,0.492872,0.274339,0.362422,10.00818387,1.95035663,2030.0,4000.0
runs_idc_ablate/idc_tr2000_te2000_imb8_a0.2_b1.5_k256,2000,2000,8.0,0.2,1.5,256.0,256.0,0.75725,1.609465,0.505022,0.273475,0.344396,38.8045278,2.62634729,2030.0,4000.0
runs_idc_ablate/idc_tr2000_te2000_imb8_a0.2_b1.5_k32,2000,2000,8.0,0.2,1.5,32.0,32.0,0.567,1.311168,0.779083,0.384257,0.166522,23.75856978,1.58667506,2030.0,4000.0
runs_idc_ablate/idc_tr2000_te2000_imb8_a0.2_b1.5_k64,2000,2000,8.0,0.2,1.5,64.0,64.0,0.7765,0.879763,0.476338,0.255799,0.329429,9.26978498,1.00906648,2030.0,4000.0
runs_idc_ablate/idc_tr2000_te2000_imb8_a0.2_b2.0_k128,2000,2000,8.0,0.2,2.0,128.0,128.0,0.771,1.187238,0.509126,0.288802,0.343811,4.37121409,1.8768524,2030.0,4000.0
runs_idc_ablate/idc_tr2000_te2000_imb8_a0.2_b2.0_k256,2000,2000,8.0,0.2,2.0,256.0,256.0,0.75675,1.521362,0.523987,0.289887,0.330383,4.41201967,1.93059761,2030.0,4000.0
runs_idc_ablate/idc_tr2000_te2000_imb8_a0.2_b2.0_k32,2000,2000,8.0,0.2,2.0,32.0,32.0,0.55375,1.299389,0.775282,0.365611,0.154052,4.34189923,0.09179541,2030.0,4000.0
runs_idc_ablate/idc_tr2000_te2000_imb8_a0.2_b2.0_k64,2000,2000,8.0,0.2,2.0,64.0,64.0,0.7685,0.890306,0.491172,0.261856,0.308032,3.63056314,0.43678116,2030.0,4000.0
runs_idc_ablate/idc_tr2000_te2000_imb8_a0.4_b0.01_k128,2000,2000,8.0,0.4,0.01,128.0,128.0,0.71425,0.961142,0.407574,0.182184,0.23524,4.04859796,0.61251847,2030.0,4000.0
runs_idc_ablate/idc_tr2000_te2000_imb8_a0.4_b0.01_k256,2000,2000,8.0,0.4,0.01,256.0,256.0,0.717,1.280427,0.411186,0.164304,0.236607,39.06778419,1.57804357,2030.0,4000.0
runs_idc_ablate/idc_tr2000_te2000_imb8_a0.4_b0.01_k32,2000,2000,8.0,0.4,0.01,32.0,32.0,0.60175,1.066385,0.661256,0.323611,0.124345,17.12141955,1.15942022,2030.0,4000.0
runs_idc_ablate/idc_tr2000_te2000_imb8_a0.4_b0.01_k512,2000,2000,8.0,0.4,0.01,512.0,512.0,0.71775,1.81684,0.468535,0.201664,0.264293,7.01609729,1.61174611,2030.0,4000.0
runs_idc_ablate/idc_tr2000_te2000_imb8_a0.4_b0.01_k64,2000,2000,8.0,0.4,0.01,64.0,64.0,0.6625,0.754002,0.430399,0.197764,0.178333,3.25524536,0.41520692,2030.0,4000.0
runs_idc_ablate/idc_tr2000_te2000_imb8_a0.4_b0.1_k128,2000,2000,8.0,0.4,0.1,128.0,128.0,0.7705,1.018154,0.381773,0.162329,0.335876,3.89515565,0.86040164,2030.0,4000.0
runs_idc_ablate/idc_tr2000_te2000_imb8_a0.4_b0.1_k256,2000,2000,8.0,0.4,0.1,256.0,256.0,0.7515,1.315423,0.395511,0.152798,0.277559,13.14063842,1.92475422,2030.0,4000.0
runs_idc_ablate/idc_tr2000_te2000_imb8_a0.4_b0.1_k32,2000,2000,8.0,0.4,0.1,32.0,32.0,0.61075,1.056194,0.657861,0.327342,0.152966,9.16970287,0.55081488,2030.0,4000.0
runs_idc_ablate/idc_tr2000_te2000_imb8_a0.4_b0.1_k512,2000,2000,8.0,0.4,0.1,512.0,512.0,0.73225,1.860354,0.466695,0.212204,0.289952,12.77031068,1.68269963,2030.0,4000.0
runs_idc_ablate/idc_tr2000_te2000_imb8_a0.4_b0.1_k64,2000,2000,8.0,0.4,0.1,64.0,64.0,0.7775,0.714059,0.356104,0.132696,0.304489,6.40833848,0.84545297,2030.0,4000.0
runs_idc_ablate/idc_tr2000_te2000_imb8_a0.4_b0.2_k128,2000,2000,8.0,0.4,0.2,128.0,128.0,0.7755,1.04702,0.386749,0.173147,0.358883,3.04477569,0.49469332,2030.0,4000.0
runs_idc_ablate/idc_tr2000_te2000_imb8_a0.4_b0.2_k256,2000,2000,8.0,0.4,0.2,256.0,256.0,0.756,1.355432,0.397865,0.166142,0.30264,11.02583865,1.64288147,2030.0,4000.0
runs_idc_ablate/idc_tr2000_te2000_imb8_a0.4_b0.2_k32,2000,2000,8.0,0.4,0.2,32.0,32.0,0.60625,1.069005,0.665583,0.330394,0.15224,3.66012675,0.0832728,2030.0,4000.0
runs_idc_ablate/idc_tr2000_te2000_imb8_a0.4_b0.2_k512,2000,2000,8.0,0.4,0.2,512.0,512.0,0.7385,1.906359,0.467206,0.206785,0.303376,9.84728249,3.57334369,2030.0,4000.0
runs_idc_ablate/idc_tr2000_te2000_imb8_a0.4_b0.2_k64,2000,2000,8.0,0.4,0.2,64.0,64.0,0.785,0.735182,0.362395,0.145406,0.331537,3.82711183,0.94744893,2030.0,4000.0
runs_idc_ablate/idc_tr2000_te2000_imb8_a0.4_b0.3_k128,2000,2000,8.0,0.4,0.3,128.0,128.0,0.77525,1.065825,0.39613,0.182184,0.365939,5.58192501,1.45255349,2030.0,4000.0
runs_idc_ablate/idc_tr2000_te2000_imb8_a0.4_b0.3_k256,2000,2000,8.0,0.4,0.3,256.0,256.0,0.75775,1.391831,0.405405,0.17891,0.315461,3.80966122,0.8775171,2030.0,4000.0
runs_idc_ablate/idc_tr2000_te2000_imb8_a0.4_b0.3_k32,2000,2000,8.0,0.4,0.3,32.0,32.0,0.60175,1.08992,0.676417,0.337002,0.151627,3.72797272,0.08406494,2030.0,4000.0
runs_idc_ablate/idc_tr2000_te2000_imb8_a0.4_b0.3_k512,2000,2000,8.0,0.4,0.3,512.0,512.0,0.74125,1.947616,0.471514,0.212559,0.311707,31.10007701,3.67958237,2030.0,4000.0
runs_idc_ablate/idc_tr2000_te2000_imb8_a0.4_b0.3_k64,2000,2000,8.0,0.4,0.3,64.0,64.0,0.78475,0.752573,0.373051,0.15563,0.337391,8.35923061,1.67226816,2030.0,4000.0
runs_idc_ablate/idc_tr2000_te2000_imb8_a0.4_b0.4_k128,2000,2000,8.0,0.4,0.4,128.0,128.0,0.77375,1.072322,0.403384,0.189707,0.368771,5.75762735,0.66518991,2030.0,4000.0
runs_idc_ablate/idc_tr2000_te2000_imb8_a0.4_b0.4_k256,2000,2000,8.0,0.4,0.4,256.0,256.0,0.7585,1.40843,0.413178,0.188202,0.322315,9.26409876,2.16808362,2030.0,4000.0
runs_idc_ablate/idc_tr2000_te2000_imb8_a0.4_b0.4_k32,2000,2000,8.0,0.4,0.4,32.0,32.0,0.5975,1.097305,0.685268,0.342317,0.15096,7.7481679,0.84228946,2030.0,4000.0
runs_idc_ablate/idc_tr2000_te2000_imb8_a0.4_b0.4_k512,2000,2000,8.0,0.4,0.4,512.0,512.0,0.73825,1.975736,0.477418,0.21553,0.316802,9.16223544,1.67551361,2030.0,4000.0
runs_idc_ablate/idc_tr2000_te2000_imb8_a0.4_b0.4_k64,2000,2000,8.0,0.4,0.4,64.0,64.0,0.78475,0.785279,0.38224,0.164519,0.338316,4.90458475,0.97094768,2030.0,4000.0
runs_idc_ablate/idc_tr2000_te2000_imb8_a0.4_b0.5_k128,2000,2000,8.0,0.4,0.5,128.0,128.0,0.77325,1.090013,0.411692,0.197854,0.369442,19.15361708,2.13894467,2030.0,4000.0
runs_idc_ablate/idc_tr2000_te2000_imb8_a0.4_b0.5_k256,2000,2000,8.0,0.4,0.5,256.0,256.0,0.75775,1.4362,0.423931,0.197102,0.325154,10.3249503,1.28170325,2030.0,4000.0
runs_idc_ablate/idc_tr2000_te2000_imb8_a0.4_b0.5_k32,2000,2000,8.0,0.4,0.5,32.0,32.0,0.5945,1.152299,0.695627,0.349879,0.151594,21.8184901,1.77328317,2030.0,4000.0
runs_idc_ablate/idc_tr2000_te2000_imb8_a0.4_b0.5_k64,2000,2000,8.0,0.4,0.5,64.0,64.0,0.78425,0.777585,0.389783,0.171161,0.33596,8.0517598,1.90467728,2030.0,4000.0
runs_idc_ablate/idc_tr2000_te2000_imb8_a0.4_b0.7_k128,2000,2000,8.0,0.4,0.7,128.0,128.0,0.77325,1.09496,0.427117,0.213421,0.366026,7.8093335,2.08821244,2030.0,4000.0
runs_idc_ablate/idc_tr2000_te2000_imb8_a0.4_b0.7_k256,2000,2000,8.0,0.4,0.7,256.0,256.0,0.758,1.459419,0.439206,0.211063,0.327581,4.92325464,0.76277024,2030.0,4000.0
runs_idc_ablate/idc_tr2000_te2000_imb8_a0.4_b0.7_k32,2000,2000,8.0,0.4,0.7,32.0,32.0,0.589,1.12994,0.712199,0.36184,0.153518,7.61751495,0.08662424,2030.0,4000.0
runs_idc_ablate/idc_tr2000_te2000_imb8_a0.4_b0.7_k512,2000,2000,8.0,0.4,0.7,512.0,512.0,0.734,2.017597,0.497086,0.237569,0.32367,7.48330754,2.53964104,2030.0,4000.0
runs_idc_ablate/idc_tr2000_te2000_imb8_a0.4_b0.7_k64,2000,2000,8.0,0.4,0.7,64.0,64.0,0.785,0.789255,0.407658,0.189483,0.32685,3.7384816,0.44907509,2030.0,4000.0
runs_idc_ablate/idc_tr2000_te2000_imb8_a0.4_b0.9_k128,2000,2000,8.0,0.4,0.9,128.0,128.0,0.77275,1.046113,0.439155,0.224786,0.359335,9.63851882,0.80130214,2030.0,4000.0
runs_idc_ablate/idc_tr2000_te2000_imb8_a0.4_b0.9_k256,2000,2000,8.0,0.4,0.9,256.0,256.0,0.75725,1.456747,0.452341,0.222233,0.326401,4.00696024,0.88398485,2030.0,4000.0
runs_idc_ablate/idc_tr2000_te2000_imb8_a0.4_b0.9_k32,2000,2000,8.0,0.4,0.9,32.0,32.0,0.58675,1.153351,0.729995,0.377927,0.155716,3.5842789,0.09243614,2030.0,4000.0
runs_idc_ablate/idc_tr2000_te2000_imb8_a0.4_b0.9_k512,2000,2000,8.0,0.4,0.9,512.0,512.0,0.7345,2.016103,0.509599,0.253764,0.324952,7.36159385,1.56328186,2030.0,4000.0
runs_idc_ablate/idc_tr2000_te2000_imb8_a0.4_b0.9_k64,2000,2000,8.0,0.4,0.9,64.0,64.0,0.78425,0.758623,0.423878,0.204285,0.313752,10.77929802,1.5527653,2030.0,4000.0
runs_idc_ablate/idc_tr2000_te2000_imb8_a0.4_b1.0_k128,2000,2000,8.0,0.4,1.0,128.0,128.0,0.77275,1.050889,0.447862,0.23314,0.354869,4.63196033,0.78860153,2030.0,4000.0
runs_idc_ablate/idc_tr2000_te2000_imb8_a0.4_b1.0_k256,2000,2000,8.0,0.4,1.0,256.0,256.0,0.75675,1.426599,0.459581,0.228429,0.323623,6.22334842,1.03788504,2030.0,4000.0
runs_idc_ablate/idc_tr2000_te2000_imb8_a0.4_b1.0_k32,2000,2000,8.0,0.4,1.0,32.0,32.0,0.585,1.174648,0.734795,0.380176,0.155889,4.10139515,0.08839286,2030.0,4000.0
runs_idc_ablate/idc_tr2000_te2000_imb8_a0.4_b1.0_k64,2000,2000,8.0,0.4,1.0,64.0,64.0,0.784,0.797255,0.429755,0.209884,0.309424,6.25924385,1.3654629,2030.0,4000.0
runs_idc_ablate/idc_tr2000_te2000_imb8_a0.4_b1.5_k128,2000,2000,8.0,0.4,1.5,128.0,128.0,0.77225,1.011523,0.473643,0.258259,0.333626,12.7918735,2.33875638,2030.0,4000.0
runs_idc_ablate/idc_tr2000_te2000_imb8_a0.4_b1.5_k256,2000,2000,8.0,0.4,1.5,256.0,256.0,0.75675,1.340236,0.486063,0.253998,0.310157,9.17352093,0.84233274,2030.0,4000.0
runs_idc_ablate/idc_tr2000_te2000_imb8_a0.4_b1.5_k32,2000,2000,8.0,0.4,1.5,32.0,32.0,0.567,1.13251,0.739185,0.363683,0.142553,3.91870461,1.20671133,2030.0,4000.0
runs_idc_ablate/idc_tr2000_te2000_imb8_a0.4_b1.5_k64,2000,2000,8.0,0.4,1.5,64.0,64.0,0.7765,0.748523,0.454388,0.228782,0.279501,14.21179487,1.6720767,2030.0,4000.0
runs_idc_ablate/idc_tr2000_te2000_imb8_a0.4_b2.0_k128,2000,2000,8.0,0.4,2.0,128.0,128.0,0.771,0.9759,0.489581,0.272826,0.314933,10.4549638,2.37171965,2030.0,4000.0
runs_idc_ablate/idc_tr2000_te2000_imb8_a0.4_b2.0_k256,2000,2000,8.0,0.4,2.0,256.0,256.0,0.7565,1.260585,0.503888,0.269992,0.295884,12.24724515,1.51647929,2030.0,4000.0
runs_idc_ablate/idc_tr2000_te2000_imb8_a0.4_b2.0_k32,2000,2000,8.0,0.4,2.0,32.0,32.0,0.55375,1.135024,0.737447,0.346735,0.13208,22.66210852,1.77738001,2030.0,4000.0
runs_idc_ablate/idc_tr2000_te2000_imb8_a0.4_b2.0_k64,2000,2000,8.0,0.4,2.0,64.0,64.0,0.7685,0.767328,0.469548,0.234886,0.259069,8.74854876,0.42471572,2030.0,4000.0
runs_idc_ablate/idc_tr2000_te2000_imb8_a0.5_b0.1_k128,2000,2000,8.0,0.5,0.1,128.0,128.0,0.76975,0.933913,0.377593,0.158143,0.323465,3.28204099,0.54878009,2030.0,4000.0
runs_idc_ablate/idc_tr2000_te2000_imb8_a0.5_b0.1_k256,2000,2000,8.0,0.5,0.1,256.0,256.0,0.75,1.239279,0.396791,0.153121,0.271386,42.37359026,0.4991934,2030.0,4000.0
runs_idc_ablate/idc_tr2000_te2000_imb8_a0.5_b0.1_k32,2000,2000,8.0,0.5,0.1,32.0,32.0,0.60975,1.005715,0.645755,0.336126,0.136549,18.80247794,1.15177202,2030.0,4000.0
runs_idc_ablate/idc_tr2000_te2000_imb8_a0.5_b0.1_k512,2000,2000,8.0,0.5,0.1,512.0,512.0,0.73,1.71779,0.465698,0.209218,0.285887,6.5033602,1.10050283,2030.0,4000.0
runs_idc_ablate/idc_tr2000_te2000_imb8_a0.5_b0.1_k64,2000,2000,8.0,0.5,0.1,64.0,64.0,0.77475,0.665853,0.352673,0.1225,0.282445,2.92752188,0.42795102,2030.0,4000.0
runs_idc_ablate/idc_tr2000_te2000_imb8_a0.5_b0.2_k128,2000,2000,8.0,0.5,0.2,128.0,128.0,0.7755,0.95339,0.380753,0.16628,0.344022,2.92199146,0.50343933,2030.0,4000.0
runs_idc_ablate/idc_tr2000_te2000_imb8_a0.5_b0.2_k256,2000,2000,8.0,0.5,0.2,256.0,256.0,0.75725,1.269979,0.397033,0.162158,0.292306,3.83359465,0.79544046,2030.0,4000.0
runs_idc_ablate/idc_tr2000_te2000_imb8_a0.5_b0.2_k32,2000,2000,8.0,0.5,0.2,32.0,32.0,0.60625,1.017689,0.653334,0.338469,0.136702,3.67950424,0.08364625,2030.0,4000.0
runs_idc_ablate/idc_tr2000_te2000_imb8_a0.5_b0.2_k512,2000,2000,8.0,0.5,0.2,512.0,512.0,0.73675,1.756041,0.465458,0.208479,0.297594,23.52451895,1.38074389,2030.0,4000.0
runs_idc_ablate/idc_tr2000_te2000_imb8_a0.5_b0.2_k64,2000,2000,8.0,0.5,0.2,64.0,64.0,0.784,0.679424,0.356055,0.130585,0.305261,3.17664656,0.42122749,2030.0,4000.0
runs_idc_ablate/idc_tr2000_te2000_imb8_a0.5_b0.3_k128,2000,2000,8.0,0.5,0.3,128.0,128.0,0.7755,0.968724,0.388701,0.174556,0.350243,2.83276017,0.6516374,2030.0,4000.0
runs_idc_ablate/idc_tr2000_te2000_imb8_a0.5_b0.3_k256,2000,2000,8.0,0.5,0.3,256.0,256.0,0.75575,1.298651,0.402993,0.169369,0.302758,22.9856089,0.45617114,2030.0,4000.0
runs_idc_ablate/idc_tr2000_te2000_imb8_a0.5_b0.3_k32,2000,2000,8.0,0.5,0.3,32.0,32.0,0.601,1.03856,0.6643,0.343919,0.136159,4.84719616,0.12588012,2030.0,4000.0
runs_idc_ablate/idc_tr2000_te2000_imb8_a0.5_b0.3_k512,2000,2000,8.0,0.5,0.3,512.0,512.0,0.7405,1.790232,0.469183,0.210133,0.304863,9.50887989,3.09300098,2030.0,4000.0
runs_idc_ablate/idc_tr2000_te2000_imb8_a0.5_b0.3_k64,2000,2000,8.0,0.5,0.3,64.0,64.0,0.784,0.694158,0.365726,0.146451,0.309635,2.81329961,0.46040373,2030.0,4000.0
runs_idc_ablate/idc_tr2000_te2000_imb8_a0.5_b0.4_k128,2000,2000,8.0,0.5,0.4,128.0,128.0,0.774,0.974085,0.395436,0.181425,0.352423,3.17120121,0.42469686,2030.0,4000.0
runs_idc_ablate/idc_tr2000_te2000_imb8_a0.5_b0.4_k256,2000,2000,8.0,0.5,0.4,256.0,256.0,0.759,1.308389,0.40944,0.179761,0.308154,3.84209353,0.87165504,2030.0,4000.0
runs_idc_ablate/idc_tr2000_te2000_imb8_a0.5_b0.4_k32,2000,2000,8.0,0.5,0.4,32.0,32.0,0.5975,1.045741,0.67252,0.350078,0.136297,3.45478899,0.14350658,2030.0,4000.0
runs_idc_ablate/idc_tr2000_te2000_imb8_a0.5_b0.4_k512,2000,2000,8.0,0.5,0.4,512.0,512.0,0.74,1.811162,0.474104,0.214069,0.309035,7.24676969,1.28072548,2030.0,4000.0
runs_idc_ablate/idc_tr2000_te2000_imb8_a0.5_b0.4_k64,2000,2000,8.0,0.5,0.4,64.0,64.0,0.78475,0.720533,0.373827,0.160249,0.30993,2.72306903,0.39667601,2030.0,4000.0
runs_idc_ablate/idc_tr2000_te2000_imb8_a0.8_b0.01_k128,2000,2000,8.0,0.8,0.01,128.0,128.0,0.6795,0.742114,0.407263,0.176871,0.19212,3.01401018,0.40103938,2030.0,4000.0
runs_idc_ablate/idc_tr2000_te2000_imb8_a0.8_b0.01_k256,2000,2000,8.0,0.8,0.01,256.0,256.0,0.71625,1.003164,0.417167,0.178855,0.218896,11.09312511,0.90446907,2030.0,4000.0
runs_idc_ablate/idc_tr2000_te2000_imb8_a0.8_b0.01_k32,2000,2000,8.0,0.8,0.01,32.0,32.0,0.57875,1.031776,0.6897,0.353453,0.050392,9.39323691,0.66273446,2030.0,4000.0
runs_idc_ablate/idc_tr2000_te2000_imb8_a0.8_b0.01_k512,2000,2000,8.0,0.8,0.01,512.0,512.0,0.71,1.287684,0.460829,0.199026,0.245322,6.82878036,1.39898488,2030.0,4000.0
runs_idc_ablate/idc_tr2000_te2000_imb8_a0.8_b0.01_k64,2000,2000,8.0,0.8,0.01,64.0,64.0,0.6295,0.674686,0.451753,0.198541,0.11991,2.71911564,0.49234093,2030.0,4000.0
runs_idc_ablate/idc_tr2000_te2000_imb8_a0.8_b0.3_k128,2000,2000,8.0,0.8,0.3,128.0,128.0,0.77125,0.726735,0.367298,0.144272,0.270236,2.90739065,0.50895159,2030.0,4000.0
runs_idc_ablate/idc_tr2000_te2000_imb8_a0.8_b0.3_k256,2000,2000,8.0,0.8,0.3,256.0,256.0,0.7565,1.036201,0.399551,0.154145,0.256094,3.96816594,0.42050633,2030.0,4000.0
runs_idc_ablate/idc_tr2000_te2000_imb8_a0.8_b0.3_k32,2000,2000,8.0,0.8,0.3,32.0,32.0,0.6,1.022308,0.679731,0.363527,0.073275,3.52390736,0.08369139,2030.0,4000.0
runs_idc_ablate/idc_tr2000_te2000_imb8_a0.8_b0.3_k512,2000,2000,8.0,0.8,0.3,512.0,512.0,0.73475,1.343073,0.458321,0.206344,0.270531,9.09404752,3.51725935,2030.0,4000.0
runs_idc_ablate/idc_tr2000_te2000_imb8_a0.8_b0.3_k64,2000,2000,8.0,0.8,0.3,64.0,64.0,0.776,0.595383,0.366917,0.142771,0.19182,9.83840824,1.91297524,2030.0,4000.0
runs_idc_ablate/idc_tr2000_te2000_imb8_a0.8_b0.7_k128,2000,2000,8.0,0.8,0.7,128.0,128.0,0.77225,0.753389,0.391783,0.179399,0.264841,3.17108087,2.02974381,2030.0,4000.0
runs_idc_ablate/idc_tr2000_te2000_imb8_a0.8_b0.7_k256,2000,2000,8.0,0.8,0.7,256.0,256.0,0.75875,1.058183,0.420584,0.183657,0.256692,17.26883452,1.73594712,2030.0,4000.0
runs_idc_ablate/idc_tr2000_te2000_imb8_a0.8_b0.7_k32,2000,2000,8.0,0.8,0.7,32.0,32.0,0.589,1.061646,0.712937,0.385959,0.085916,4.21646207,1.09446841,2030.0,4000.0
runs_idc_ablate/idc_tr2000_te2000_imb8_a0.8_b0.7_k512,2000,2000,8.0,0.8,0.7,512.0,512.0,0.73725,1.358526,0.476171,0.219986,0.27276,25.41722473,3.19370955,2030.0,4000.0
runs_idc_ablate/idc_tr2000_te2000_imb8_a0.8_b0.7_k64,2000,2000,8.0,0.8,0.7,64.0,64.0,0.78125,0.635545,0.395963,0.188924,0.1805,5.39204961,1.02628935,2030.0,4000.0
runs_idc_ablate/idc_tr2000_te2000_imb8_a0.8_b0.9_k128,2000,2000,8.0,0.8,0.9,128.0,128.0,0.77225,0.723277,0.403639,0.195653,0.257559,11.48322604,2.45861168,2030.0,4000.0
runs_idc_ablate/idc_tr2000_te2000_imb8_a0.8_b0.9_k256,2000,2000,8.0,0.8,0.9,256.0,256.0,0.75875,1.042903,0.431456,0.193659,0.253434,7.32465232,0.82198423,2030.0,4000.0
runs_idc_ablate/idc_tr2000_te2000_imb8_a0.8_b0.9_k32,2000,2000,8.0,0.8,0.9,32.0,32.0,0.58675,1.080199,0.729875,0.401273,0.092151,3.62984672,0.090218,2030.0,4000.0
runs_idc_ablate/idc_tr2000_te2000_imb8_a0.8_b0.9_k512,2000,2000,8.0,0.8,0.9,512.0,512.0,0.73525,1.345234,0.485858,0.224429,0.271649,9.56208678,2.66388346,2030.0,4000.0
runs_idc_ablate/idc_tr2000_te2000_imb8_a0.8_b0.9_k64,2000,2000,8.0,0.8,0.9,64.0,64.0,0.782,0.641531,0.412069,0.208514,0.170392,5.3469255,1.2081232,2030.0,4000.0
runs_idc_ablate/idc_tr5000_te5000_imb1_a0.1_b0.1_k128,5000,5000,1.0,0.1,0.1,128.0,128.0,0.853329,1.033639,0.253313,0.1096,0.440597,95.35549565,0.49822657,9000.0,8877.0
runs_idc_ablate/idc_tr5000_te5000_imb1_a0.1_b0.1_k256,5000,5000,1.0,0.1,0.1,256.0,256.0,0.851076,1.704392,0.267175,0.123115,0.460327,49.81851196,2.52750585,9000.0,8877.0
runs_idc_ablate/idc_tr5000_te5000_imb1_a0.1_b0.1_k32,5000,5000,1.0,0.1,0.1,32.0,32.0,0.852428,0.577528,0.250256,0.102108,0.427991,78.6563935,0.3553719,9000.0,8877.0
runs_idc_ablate/idc_tr5000_te5000_imb1_a0.1_b0.1_k512,5000,5000,1.0,0.1,0.1,512.0,512.0,0.854455,0.81281,0.24062,0.091641,0.41369,70.69539027,3.90840969,9000.0,8877.0
runs_idc_ablate/idc_tr5000_te5000_imb1_a0.1_b0.1_k64,5000,5000,1.0,0.1,0.1,64.0,64.0,0.854005,0.774792,0.248577,0.103123,0.430265,96.22336794,0.46908599,9000.0,8877.0
runs_idc_ablate/idc_tr5000_te5000_imb1_a0.1_b0.2_k128,5000,5000,1.0,0.1,0.2,128.0,128.0,0.853329,1.044852,0.255179,0.111096,0.443287,130.76164611,3.01744429,9000.0,8877.0
runs_idc_ablate/idc_tr5000_te5000_imb1_a0.1_b0.2_k256,5000,5000,1.0,0.1,0.2,256.0,256.0,0.850738,1.709319,0.268216,0.124203,0.461568,59.27969779,0.86019128,9000.0,8877.0
runs_idc_ablate/idc_tr5000_te5000_imb1_a0.1_b0.2_k32,5000,5000,1.0,0.1,0.2,32.0,32.0,0.85254,0.660253,0.261424,0.117518,0.446109,103.83632138,1.09226825,9000.0,8877.0
runs_idc_ablate/idc_tr5000_te5000_imb1_a0.1_b0.2_k512,5000,5000,1.0,0.1,0.2,512.0,512.0,0.854568,0.814322,0.240947,0.092734,0.414935,65.57908762,1.99646101,9000.0,8877.0
runs_idc_ablate/idc_tr5000_te5000_imb1_a0.1_b0.2_k64,5000,5000,1.0,0.1,0.2,64.0,64.0,0.853892,0.824711,0.255573,0.110178,0.441811,84.17283746,1.88185345,9000.0,8877.0
runs_idc_ablate/idc_tr5000_te5000_imb1_a0.1_b0.3_k128,5000,5000,1.0,0.1,0.3,128.0,128.0,0.853441,1.058017,0.256866,0.112841,0.445122,76.37989543,2.76394587,9000.0,8877.0
runs_idc_ablate/idc_tr5000_te5000_imb1_a0.1_b0.3_k256,5000,5000,1.0,0.1,0.3,256.0,256.0,0.850738,1.714136,0.269313,0.124784,0.462524,136.01362153,1.78671155,9000.0,8877.0
runs_idc_ablate/idc_tr5000_te5000_imb1_a0.1_b0.3_k32,5000,5000,1.0,0.1,0.3,32.0,32.0,0.85209,0.696965,0.267826,0.122991,0.455135,161.55811701,1.47045362,9000.0,8877.0
runs_idc_ablate/idc_tr5000_te5000_imb1_a0.1_b0.3_k512,5000,5000,1.0,0.1,0.3,512.0,512.0,0.854681,0.816568,0.241364,0.093655,0.416081,65.81783756,1.89490132,9000.0,8877.0
runs_idc_ablate/idc_tr5000_te5000_imb1_a0.1_b0.3_k64,5000,5000,1.0,0.1,0.3,64.0,64.0,0.853329,0.865923,0.260913,0.116911,0.449674,93.64796318,0.51716349,9000.0,8877.0
runs_idc_ablate/idc_tr5000_te5000_imb1_a0.1_b0.4_k128,5000,5000,1.0,0.1,0.4,128.0,128.0,0.853329,1.070574,0.258175,0.11313,0.446888,95.43031128,2.05637632,9000.0,8877.0
runs_idc_ablate/idc_tr5000_te5000_imb1_a0.1_b0.4_k256,5000,5000,1.0,0.1,0.4,256.0,256.0,0.850625,1.719048,0.270307,0.125541,0.463392,124.10303825,0.67190439,9000.0,8877.0
runs_idc_ablate/idc_tr5000_te5000_imb1_a0.1_b0.4_k32,5000,5000,1.0,0.1,0.4,32.0,32.0,0.851864,0.720633,0.272453,0.127716,0.460521,190.73154206,2.33412272,9000.0,8877.0
runs_idc_ablate/idc_tr5000_te5000_imb1_a0.1_b0.4_k512,5000,5000,1.0,0.1,0.4,512.0,512.0,0.854568,0.818898,0.241904,0.09463,0.417376,85.08886425,4.13384085,9000.0,8877.0
runs_idc_ablate/idc_tr5000_te5000_imb1_a0.1_b0.4_k64,5000,5000,1.0,0.1,0.4,64.0,64.0,0.853104,0.89665,0.26519,0.12189,0.45513,142.24901828,0.88859477,9000.0,8877.0
runs_idc_ablate/idc_tr5000_te5000_imb1_a0.1_b0.5_k128,5000,5000,1.0,0.1,0.5,128.0,128.0,0.85423,1.082751,0.259103,0.116069,0.44837,164.28226222,0.79340042,9000.0,8877.0
runs_idc_ablate/idc_tr5000_te5000_imb1_a0.1_b0.5_k256,5000,5000,1.0,0.1,0.5,256.0,256.0,0.850513,1.724676,0.27126,0.126111,0.464367,95.41291133,1.97131264,9000.0,8877.0
runs_idc_ablate/idc_tr5000_te5000_imb1_a0.1_b0.5_k32,5000,5000,1.0,0.1,0.5,32.0,32.0,0.851752,0.737662,0.276148,0.131852,0.464139,178.44381466,1.19199774,9000.0,8877.0
runs_idc_ablate/idc_tr5000_te5000_imb1_a0.1_b0.5_k64,5000,5000,1.0,0.1,0.5,64.0,64.0,0.852428,0.919555,0.268299,0.124311,0.459067,191.74559957,0.70364671,9000.0,8877.0
runs_idc_ablate/idc_tr5000_te5000_imb1_a0.1_b1.0_k128,5000,5000,1.0,0.1,1.0,128.0,128.0,0.853104,1.136653,0.263688,0.119884,0.453425,130.7406115,2.08454892,9000.0,8877.0
runs_idc_ablate/idc_tr5000_te5000_imb1_a0.1_b1.0_k256,5000,5000,1.0,0.1,1.0,256.0,256.0,0.850513,1.752766,0.275221,0.130839,0.466801,115.14115306,1.55956399,9000.0,8877.0
runs_idc_ablate/idc_tr5000_te5000_imb1_a0.1_b1.0_k32,5000,5000,1.0,0.1,1.0,32.0,32.0,0.851639,0.781276,0.285853,0.140463,0.473658,183.16770729,1.52787245,9000.0,8877.0
runs_idc_ablate/idc_tr5000_te5000_imb1_a0.1_b1.0_k64,5000,5000,1.0,0.1,1.0,64.0,64.0,0.852202,0.984443,0.277778,0.132988,0.468182,119.85527406,0.45970389,9000.0,8877.0
runs_idc_ablate/idc_tr5000_te5000_imb1_a0.1_b1.5_k128,5000,5000,1.0,0.1,1.5,128.0,128.0,0.852991,1.173656,0.267836,0.124136,0.457617,255.58608718,0.58191118,9000.0,8877.0
runs_idc_ablate/idc_tr5000_te5000_imb1_a0.1_b1.5_k256,5000,5000,1.0,0.1,1.5,256.0,256.0,0.850738,1.780736,0.277828,0.132481,0.468913,146.07119528,1.78423864,9000.0,8877.0
runs_idc_ablate/idc_tr5000_te5000_imb1_a0.1_b1.5_k32,5000,5000,1.0,0.1,1.5,32.0,32.0,0.851639,0.800416,0.290303,0.144381,0.47679,119.8859888,0.19172304,9000.0,8877.0
runs_idc_ablate/idc_tr5000_te5000_imb1_a0.1_b1.5_k64,5000,5000,1.0,0.1,1.5,64.0,64.0,0.852202,1.015844,0.282732,0.137402,0.472146,95.90241469,1.64648599,9000.0,8877.0
runs_idc_ablate/idc_tr5000_te5000_imb1_a0.1_b2.0_k128,5000,5000,1.0,0.1,2.0,128.0,128.0,0.852878,1.199574,0.271479,0.129263,0.461736,156.43194415,2.85696159,9000.0,8877.0
runs_idc_ablate/idc_tr5000_te5000_imb1_a0.1_b2.0_k256,5000,5000,1.0,0.1,2.0,256.0,256.0,0.850513,1.804775,0.280326,0.134987,0.470202,145.59709911,1.1485814,9000.0,8877.0
runs_idc_ablate/idc_tr5000_te5000_imb1_a0.1_b2.0_k32,5000,5000,1.0,0.1,2.0,32.0,32.0,0.851639,0.811031,0.292994,0.146647,0.477911,154.20744662,1.76159855,9000.0,8877.0
runs_idc_ablate/idc_tr5000_te5000_imb1_a0.1_b2.0_k64,5000,5000,1.0,0.1,2.0,64.0,64.0,0.851639,1.035547,0.286053,0.140469,0.474646,105.61418288,0.90139641,9000.0,8877.0
runs_idc_ablate/idc_tr5000_te5000_imb1_a0.2_b0.1_k128,5000,5000,1.0,0.2,0.1,128.0,128.0,0.853329,0.891496,0.253038,0.109249,0.440035,75.86777604,1.32846121,9000.0,8877.0
runs_idc_ablate/idc_tr5000_te5000_imb1_a0.2_b0.1_k256,5000,5000,1.0,0.2,0.1,256.0,256.0,0.851752,1.475328,0.266901,0.123685,0.459973,144.9786867,1.48603607,9000.0,8877.0
runs_idc_ablate/idc_tr5000_te5000_imb1_a0.2_b0.1_k32,5000,5000,1.0,0.2,0.1,32.0,32.0,0.852653,0.533195,0.248712,0.100238,0.423303,160.86695661,1.99703218,9000.0,8877.0
runs_idc_ablate/idc_tr5000_te5000_imb1_a0.2_b0.1_k512,5000,5000,1.0,0.2,0.1,512.0,512.0,0.854005,0.717372,0.240501,0.091899,0.414019,124.35429396,3.7015143,9000.0,8877.0
runs_idc_ablate/idc_tr5000_te5000_imb1_a0.2_b0.1_k64,5000,5000,1.0,0.2,0.1,64.0,64.0,0.853779,0.681088,0.247792,0.100941,0.428586,117.97182046,1.46149313,9000.0,8877.0
runs_idc_ablate/idc_tr5000_te5000_imb1_a0.2_b0.2_k128,5000,5000,1.0,0.2,0.2,128.0,128.0,0.853329,0.902606,0.254826,0.110581,0.442551,83.74478858,0.64744887,9000.0,8877.0
runs_idc_ablate/idc_tr5000_te5000_imb1_a0.2_b0.2_k256,5000,5000,1.0,0.2,0.2,256.0,256.0,0.851301,1.479483,0.26783,0.123923,0.461007,176.09576977,2.99404497,9000.0,8877.0
runs_idc_ablate/idc_tr5000_te5000_imb1_a0.2_b0.2_k32,5000,5000,1.0,0.2,0.2,32.0,32.0,0.852766,0.586805,0.25878,0.112864,0.439877,133.47540946,2.26301375,9000.0,8877.0
runs_idc_ablate/idc_tr5000_te5000_imb1_a0.2_b0.2_k512,5000,5000,1.0,0.2,0.2,512.0,512.0,0.854343,0.719025,0.240741,0.092671,0.41514,79.64073315,4.97766284,9000.0,8877.0
runs_idc_ablate/idc_tr5000_te5000_imb1_a0.2_b0.2_k64,5000,5000,1.0,0.2,0.2,64.0,64.0,0.854343,0.721103,0.254214,0.109789,0.439276,171.61220148,0.54145348,9000.0,8877.0
runs_idc_ablate/idc_tr5000_te5000_imb1_a0.2_b0.3_k128,5000,5000,1.0,0.2,0.3,128.0,128.0,0.853329,0.913824,0.256399,0.112097,0.444218,94.30756698,1.64554183,9000.0,8877.0
runs_idc_ablate/idc_tr5000_te5000_imb1_a0.2_b0.3_k256,5000,5000,1.0,0.2,0.3,256.0,256.0,0.851076,1.48506,0.268896,0.124219,0.461948,204.98146177,2.87565985,9000.0,8877.0
runs_idc_ablate/idc_tr5000_te5000_imb1_a0.2_b0.3_k32,5000,5000,1.0,0.2,0.3,32.0,32.0,0.85254,0.611068,0.264542,0.12025,0.448137,154.90125458,1.5307005,9000.0,8877.0
runs_idc_ablate/idc_tr5000_te5000_imb1_a0.2_b0.3_k512,5000,5000,1.0,0.2,0.3,512.0,512.0,0.854681,0.721042,0.241168,0.094027,0.416198,74.1155893,4.11350164,9000.0,8877.0
runs_idc_ablate/idc_tr5000_te5000_imb1_a0.2_b0.3_k64,5000,5000,1.0,0.2,0.3,64.0,64.0,0.853554,0.750524,0.259218,0.115481,0.44674,126.41406896,2.10477876,9000.0,8877.0
runs_idc_ablate/idc_tr5000_te5000_imb1_a0.2_b0.4_k128,5000,5000,1.0,0.2,0.4,128.0,128.0,0.853779,0.924294,0.257501,0.112844,0.44565,87.72992256,0.47388462,9000.0,8877.0
runs_idc_ablate/idc_tr5000_te5000_imb1_a0.2_b0.4_k256,5000,5000,1.0,0.2,0.4,256.0,256.0,0.851076,1.489973,0.269822,0.125645,0.462756,161.35066099,2.70190403,9000.0,8877.0
runs_idc_ablate/idc_tr5000_te5000_imb1_a0.2_b0.4_k32,5000,5000,1.0,0.2,0.4,32.0,32.0,0.85209,0.626751,0.268765,0.123653,0.453014,102.12498516,1.71984743,9000.0,8877.0
runs_idc_ablate/idc_tr5000_te5000_imb1_a0.2_b0.4_k512,5000,5000,1.0,0.2,0.4,512.0,512.0,0.854793,0.722917,0.241609,0.095286,0.417195,95.28027447,6.15544421,9000.0,8877.0
runs_idc_ablate/idc_tr5000_te5000_imb1_a0.2_b0.4_k64,5000,5000,1.0,0.2,0.4,64.0,64.0,0.853329,0.771414,0.263156,0.119394,0.451774,213.07706087,0.80664434,9000.0,8877.0
runs_idc_ablate/idc_tr5000_te5000_imb1_a0.2_b0.5_k128,5000,5000,1.0,0.2,0.5,128.0,128.0,0.854005,0.934268,0.258365,0.114779,0.447025,92.04012717,0.47177514,9000.0,8877.0
runs_idc_ablate/idc_tr5000_te5000_imb1_a0.2_b0.5_k256,5000,5000,1.0,0.2,0.5,256.0,256.0,0.850738,1.494545,0.270613,0.125994,0.463437,127.56460785,0.94309684,9000.0,8877.0
runs_idc_ablate/idc_tr5000_te5000_imb1_a0.2_b0.5_k32,5000,5000,1.0,0.2,0.5,32.0,32.0,0.851977,0.637834,0.272113,0.127279,0.456254,98.5916512,0.95022468,9000.0,8877.0
runs_idc_ablate/idc_tr5000_te5000_imb1_a0.2_b0.5_k64,5000,5000,1.0,0.2,0.5,64.0,64.0,0.85254,0.786992,0.266027,0.121865,0.455448,199.0473349,0.97285084,9000.0,8877.0
runs_idc_ablate/idc_tr5000_te5000_imb1_a0.2_b1.0_k128,5000,5000,1.0,0.2,1.0,128.0,128.0,0.852766,0.973304,0.262282,0.117868,0.451219,76.39444124,0.62506601,9000.0,8877.0
runs_idc_ablate/idc_tr5000_te5000_imb1_a0.2_b1.0_k256,5000,5000,1.0,0.2,1.0,256.0,256.0,0.850625,1.521243,0.274543,0.130293,0.465924,193.77271589,1.99334007,9000.0,8877.0
runs_idc_ablate/idc_tr5000_te5000_imb1_a0.2_b1.0_k32,5000,5000,1.0,0.2,1.0,32.0,32.0,0.851752,0.666205,0.280948,0.135529,0.4648,255.40592522,1.56175502,9000.0,8877.0
runs_idc_ablate/idc_tr5000_te5000_imb1_a0.2_b1.0_k64,5000,5000,1.0,0.2,1.0,64.0,64.0,0.852315,0.830074,0.27487,0.130466,0.46384,151.50882855,2.44343584,9000.0,8877.0
runs_idc_ablate/idc_tr5000_te5000_imb1_a0.2_b1.5_k128,5000,5000,1.0,0.2,1.5,128.0,128.0,0.853216,0.998382,0.265995,0.122601,0.454901,118.12004472,2.21733943,9000.0,8877.0
runs_idc_ablate/idc_tr5000_te5000_imb1_a0.2_b1.5_k256,5000,5000,1.0,0.2,1.5,256.0,256.0,0.850963,1.543176,0.276888,0.132233,0.467644,91.42210505,2.69015055,9000.0,8877.0
runs_idc_ablate/idc_tr5000_te5000_imb1_a0.2_b1.5_k32,5000,5000,1.0,0.2,1.5,32.0,32.0,0.851752,0.678939,0.285086,0.139564,0.467585,133.50680925,1.57833527,9000.0,8877.0
runs_idc_ablate/idc_tr5000_te5000_imb1_a0.2_b1.5_k64,5000,5000,1.0,0.2,1.5,64.0,64.0,0.852428,0.850706,0.279448,0.135027,0.467403,230.47555222,2.58730941,9000.0,8877.0
runs_idc_ablate/idc_tr5000_te5000_imb1_a0.2_b2.0_k128,5000,5000,1.0,0.2,2.0,128.0,128.0,0.852991,1.016145,0.268999,0.126969,0.458325,266.84079564,3.29461053,9000.0,8877.0
runs_idc_ablate/idc_tr5000_te5000_imb1_a0.2_b2.0_k256,5000,5000,1.0,0.2,2.0,256.0,256.0,0.850513,1.562344,0.279142,0.133614,0.468755,213.88963839,3.27085137,9000.0,8877.0
runs_idc_ablate/idc_tr5000_te5000_imb1_a0.2_b2.0_k32,5000,5000,1.0,0.2,2.0,32.0,32.0,0.851639,0.686233,0.287621,0.141918,0.468532,164.57932756,1.96611486,9000.0,8877.0
runs_idc_ablate/idc_tr5000_te5000_imb1_a0.2_b2.0_k64,5000,5000,1.0,0.2,2.0,64.0,64.0,0.851752,0.86373,0.282477,0.137657,0.469599,122.7306959,2.78219241,9000.0,8877.0
runs_idc_ablate/idc_tr5000_te5000_imb1_a0.4_b0.01_k128,5000,5000,1.0,0.4,0.01,128.0,128.0,0.853779,0.718677,0.250292,0.106521,0.435564,82.06238831,0.53832359,9000.0,8877.0
runs_idc_ablate/idc_tr5000_te5000_imb1_a0.4_b0.01_k256,5000,5000,1.0,0.4,0.01,256.0,256.0,0.851752,1.152211,0.265017,0.121829,0.457251,61.77655454,0.83377488,9000.0,8877.0
runs_idc_ablate/idc_tr5000_te5000_imb1_a0.4_b0.01_k32,5000,5000,1.0,0.4,0.01,32.0,32.0,0.853216,0.400583,0.229468,0.051081,0.34514,88.21324503,0.27052734,9000.0,8877.0
runs_idc_ablate/idc_tr5000_te5000_imb1_a0.4_b0.01_k512,5000,5000,1.0,0.4,0.01,512.0,512.0,0.853892,0.611912,0.239939,0.092004,0.413649,75.47578917,4.74190268,9000.0,8877.0
runs_idc_ablate/idc_tr5000_te5000_imb1_a0.4_b0.01_k64,5000,5000,1.0,0.4,0.01,64.0,64.0,0.854005,0.542746,0.239353,0.091813,0.409174,91.26900976,2.05220638,9000.0,8877.0
runs_idc_ablate/idc_tr5000_te5000_imb1_a0.4_b0.1_k128,5000,5000,1.0,0.4,0.1,128.0,128.0,0.853441,0.72587,0.251836,0.108056,0.437676,95.23281198,1.93838352,9000.0,8877.0
runs_idc_ablate/idc_tr5000_te5000_imb1_a0.4_b0.1_k256,5000,5000,1.0,0.4,0.1,256.0,256.0,0.851977,1.155538,0.265607,0.122625,0.458043,157.76142024,2.5230086,9000.0,8877.0
runs_idc_ablate/idc_tr5000_te5000_imb1_a0.4_b0.1_k32,5000,5000,1.0,0.4,0.1,32.0,32.0,0.852653,0.472454,0.244954,0.091546,0.410423,94.73449332,2.14379168,9000.0,8877.0
runs_idc_ablate/idc_tr5000_te5000_imb1_a0.4_b0.1_k512,5000,5000,1.0,0.4,0.1,512.0,512.0,0.853779,0.613374,0.240213,0.09267,0.414492,112.67364779,5.20506543,9000.0,8877.0
runs_idc_ablate/idc_tr5000_te5000_imb1_a0.4_b0.1_k64,5000,5000,1.0,0.4,0.1,64.0,64.0,0.853667,0.570283,0.245509,0.097332,0.423145,200.73716249,1.88534332,9000.0,8877.0
runs_idc_ablate/idc_tr5000_te5000_imb1_a0.4_b0.2_k128,5000,5000,1.0,0.4,0.2,128.0,128.0,0.853441,0.73455,0.25349,0.109396,0.439873,95.29165608,0.60256468,9000.0,8877.0
runs_idc_ablate/idc_tr5000_te5000_imb1_a0.4_b0.2_k256,5000,5000,1.0,0.4,0.2,256.0,256.0,0.851639,1.15992,0.266395,0.123066,0.458988,89.81850594,2.55656429,9000.0,8877.0
runs_idc_ablate/idc_tr5000_te5000_imb1_a0.4_b0.2_k32,5000,5000,1.0,0.4,0.2,32.0,32.0,0.85209,0.50049,0.252891,0.102528,0.423952,124.96344428,1.77919147,9000.0,8877.0
runs_idc_ablate/idc_tr5000_te5000_imb1_a0.4_b0.2_k512,5000,5000,1.0,0.4,0.2,512.0,512.0,0.853667,0.614847,0.240503,0.093392,0.415446,133.18049503,4.53247382,9000.0,8877.0
runs_idc_ablate/idc_tr5000_te5000_imb1_a0.4_b0.2_k64,5000,5000,1.0,0.4,0.2,64.0,64.0,0.854005,0.595129,0.250722,0.10453,0.432139,204.06107757,0.62299112,9000.0,8877.0
runs_idc_ablate/idc_tr5000_te5000_imb1_a0.4_b0.3_k128,5000,5000,1.0,0.4,0.3,128.0,128.0,0.853554,0.742542,0.254778,0.110239,0.441018,88.31856526,0.60591572,9000.0,8877.0
runs_idc_ablate/idc_tr5000_te5000_imb1_a0.4_b0.3_k256,5000,5000,1.0,0.4,0.3,256.0,256.0,0.851639,1.164397,0.267549,0.124312,0.45995,55.48902044,2.19939897,9000.0,8877.0
runs_idc_ablate/idc_tr5000_te5000_imb1_a0.4_b0.3_k32,5000,5000,1.0,0.4,0.3,32.0,32.0,0.852653,0.513227,0.257339,0.109134,0.430569,84.07438131,0.56015655,9000.0,8877.0
runs_idc_ablate/idc_tr5000_te5000_imb1_a0.4_b0.3_k512,5000,5000,1.0,0.4,0.3,512.0,512.0,0.853779,0.616684,0.240846,0.093743,0.416238,66.31294046,1.47425066,9000.0,8877.0
runs_idc_ablate/idc_tr5000_te5000_imb1_a0.4_b0.3_k64,5000,5000,1.0,0.4,0.3,64.0,64.0,0.852766,0.61108,0.254766,0.108893,0.438382,98.75493467,2.31048714,9000.0,8877.0
runs_idc_ablate/idc_tr5000_te5000_imb1_a0.4_b0.4_k128,5000,5000,1.0,0.4,0.4,128.0,128.0,0.854117,0.749399,0.255616,0.111726,0.442043,79.55315467,2.64855378,9000.0,8877.0
runs_idc_ablate/idc_tr5000_te5000_imb1_a0.4_b0.4_k256,5000,5000,1.0,0.4,0.4,256.0,256.0,0.851526,1.168303,0.268206,0.124675,0.460376,151.6800956,1.0258564,9000.0,8877.0
runs_idc_ablate/idc_tr5000_te5000_imb1_a0.4_b0.4_k32,5000,5000,1.0,0.4,0.4,32.0,32.0,0.852428,0.52147,0.260642,0.113298,0.434339,89.29675351,0.16828334,9000.0,8877.0
runs_idc_ablate/idc_tr5000_te5000_imb1_a0.4_b0.4_k512,5000,5000,1.0,0.4,0.4,512.0,512.0,0.853779,0.618084,0.241146,0.094062,0.416862,212.62086061,4.99953463,9000.0,8877.0
runs_idc_ablate/idc_tr5000_te5000_imb1_a0.4_b0.4_k64,5000,5000,1.0,0.4,0.4,64.0,64.0,0.852991,0.622091,0.257968,0.113816,0.442558,209.62157784,2.83824643,9000.0,8877.0
runs_idc_ablate/idc_tr5000_te5000_imb1_a0.4_b0.5_k128,5000,5000,1.0,0.4,0.5,128.0,128.0,0.853441,0.754802,0.256305,0.11076,0.443078,115.2715741,2.26500909,9000.0,8877.0
runs_idc_ablate/idc_tr5000_te5000_imb1_a0.4_b0.5_k256,5000,5000,1.0,0.4,0.5,256.0,256.0,0.851188,1.172369,0.268899,0.125744,0.460962,47.81179806,0.78676814,9000.0,8877.0
runs_idc_ablate/idc_tr5000_te5000_imb1_a0.4_b0.5_k32,5000,5000,1.0,0.4,0.5,32.0,32.0,0.852428,0.527374,0.26331,0.116096,0.436741,124.78539518,0.17919052,9000.0,8877.0
runs_idc_ablate/idc_tr5000_te5000_imb1_a0.4_b0.5_k64,5000,5000,1.0,0.4,0.5,64.0,64.0,0.853329,0.629883,0.260253,0.116906,0.445535,169.84902877,1.86833845,9000.0,8877.0
runs_idc_ablate/idc_tr5000_te5000_imb1_a0.4_b0.7_k128,5000,5000,1.0,0.4,0.7,128.0,128.0,0.85423,0.765405,0.257508,0.113959,0.444351,77.36287211,1.87368733,9000.0,8877.0
runs_idc_ablate/idc_tr5000_te5000_imb1_a0.4_b0.7_k256,5000,5000,1.0,0.4,0.7,256.0,256.0,0.850851,1.180641,0.270236,0.126066,0.462084,125.44005457,2.72569427,9000.0,8877.0
runs_idc_ablate/idc_tr5000_te5000_imb1_a0.4_b0.7_k32,5000,5000,1.0,0.4,0.7,32.0,32.0,0.85254,0.535542,0.267129,0.120809,0.440073,102.26217277,0.19323761,9000.0,8877.0
runs_idc_ablate/idc_tr5000_te5000_imb1_a0.4_b0.7_k512,5000,5000,1.0,0.4,0.7,512.0,512.0,0.853892,0.623606,0.242538,0.096471,0.4188,79.88788101,2.388523,9000.0,8877.0
runs_idc_ablate/idc_tr5000_te5000_imb1_a0.4_b0.7_k64,5000,5000,1.0,0.4,0.7,64.0,64.0,0.852766,0.641557,0.263816,0.12025,0.449443,114.25143964,0.66835128,9000.0,8877.0
runs_idc_ablate/idc_tr5000_te5000_imb1_a0.4_b0.9_k128,5000,5000,1.0,0.4,0.9,128.0,128.0,0.853329,0.773206,0.258648,0.113161,0.445452,200.33507571,2.81755176,9000.0,8877.0
runs_idc_ablate/idc_tr5000_te5000_imb1_a0.4_b0.9_k256,5000,5000,1.0,0.4,0.9,256.0,256.0,0.850738,1.188552,0.271544,0.127101,0.462759,116.25439965,2.95566978,9000.0,8877.0
runs_idc_ablate/idc_tr5000_te5000_imb1_a0.4_b0.9_k32,5000,5000,1.0,0.4,0.9,32.0,32.0,0.852428,0.540581,0.269476,0.123338,0.442357,126.86938048,0.32732326,9000.0,8877.0
runs_idc_ablate/idc_tr5000_te5000_imb1_a0.4_b0.9_k512,5000,5000,1.0,0.4,0.9,512.0,512.0,0.854455,0.627776,0.243457,0.098957,0.419874,131.44027071,2.79822202,9000.0,8877.0
runs_idc_ablate/idc_tr5000_te5000_imb1_a0.4_b0.9_k64,5000,5000,1.0,0.4,0.9,64.0,64.0,0.852653,0.649377,0.266418,0.122629,0.451709,142.09495367,0.48516835,9000.0,8877.0
runs_idc_ablate/idc_tr5000_te5000_imb1_a0.4_b1.0_k128,5000,5000,1.0,0.4,1.0,128.0,128.0,0.853441,0.77638,0.259144,0.11473,0.445811,416.30558726,2.69524871,9000.0,8877.0
runs_idc_ablate/idc_tr5000_te5000_imb1_a0.4_b1.0_k256,5000,5000,1.0,0.4,1.0,256.0,256.0,0.850738,1.192105,0.272283,0.127617,0.462779,54.40888036,0.99026164,9000.0,8877.0
runs_idc_ablate/idc_tr5000_te5000_imb1_a0.4_b1.0_k32,5000,5000,1.0,0.4,1.0,32.0,32.0,0.852315,0.54257,0.270371,0.123992,0.443235,386.93179251,3.08388887,9000.0,8877.0
runs_idc_ablate/idc_tr5000_te5000_imb1_a0.4_b1.0_k64,5000,5000,1.0,0.4,1.0,64.0,64.0,0.852878,0.652996,0.267661,0.123629,0.452371,231.39988416,2.07662759,9000.0,8877.0
runs_idc_ablate/idc_tr5000_te5000_imb1_a0.4_b1.5_k128,5000,5000,1.0,0.4,1.5,128.0,128.0,0.853216,0.789836,0.261657,0.117372,0.448045,70.4419099,0.81549096,9000.0,8877.0
runs_idc_ablate/idc_tr5000_te5000_imb1_a0.4_b1.5_k256,5000,5000,1.0,0.4,1.5,256.0,256.0,0.851188,1.206762,0.274219,0.129746,0.464037,218.56550251,3.8656045,9000.0,8877.0
runs_idc_ablate/idc_tr5000_te5000_imb1_a0.4_b1.5_k32,5000,5000,1.0,0.4,1.5,32.0,32.0,0.851864,0.549776,0.273841,0.126828,0.445276,182.7727402,2.7619653,9000.0,8877.0
runs_idc_ablate/idc_tr5000_te5000_imb1_a0.4_b1.5_k64,5000,5000,1.0,0.4,1.5,64.0,64.0,0.852315,0.664289,0.271502,0.127331,0.455083,160.54583552,0.56653351,9000.0,8877.0
runs_idc_ablate/idc_tr5000_te5000_imb1_a0.4_b2.0_k128,5000,5000,1.0,0.4,2.0,128.0,128.0,0.852878,0.798988,0.263727,0.12049,0.450366,474.68416499,2.87327233,9000.0,8877.0
runs_idc_ablate/idc_tr5000_te5000_imb1_a0.4_b2.0_k256,5000,5000,1.0,0.4,2.0,256.0,256.0,0.851076,1.219325,0.276092,0.130804,0.464727,139.87783635,0.89740603,9000.0,8877.0
runs_idc_ablate/idc_tr5000_te5000_imb1_a0.4_b2.0_k32,5000,5000,1.0,0.4,2.0,32.0,32.0,0.851752,0.55419,0.276039,0.128958,0.44584,165.21850069,1.67036746,9000.0,8877.0
runs_idc_ablate/idc_tr5000_te5000_imb1_a0.4_b2.0_k64,5000,5000,1.0,0.4,2.0,64.0,64.0,0.851864,0.671228,0.274065,0.12982,0.456692,211.61967119,2.53102608,9000.0,8877.0
runs_idc_ablate/idc_tr5000_te5000_imb1_a0.5_b0.1_k128,5000,5000,1.0,0.5,0.1,128.0,128.0,0.853554,0.661989,0.25082,0.106873,0.4355,67.46723111,0.79439931,9000.0,8877.0
runs_idc_ablate/idc_tr5000_te5000_imb1_a0.5_b0.1_k256,5000,5000,1.0,0.5,0.1,256.0,256.0,0.85209,1.027268,0.264519,0.121854,0.456434,54.64590742,0.80516895,9000.0,8877.0
runs_idc_ablate/idc_tr5000_te5000_imb1_a0.5_b0.1_k32,5000,5000,1.0,0.5,0.1,32.0,32.0,0.853892,0.448334,0.242681,0.087733,0.401379,84.91901589,2.85479892,9000.0,8877.0
runs_idc_ablate/idc_tr5000_te5000_imb1_a0.5_b0.1_k512,5000,5000,1.0,0.5,0.1,512.0,512.0,0.854117,0.576343,0.240023,0.093094,0.414404,68.98860037,1.67611789,9000.0,8877.0
runs_idc_ablate/idc_tr5000_te5000_imb1_a0.5_b0.1_k64,5000,5000,1.0,0.5,0.1,64.0,64.0,0.853667,0.52766,0.243901,0.095235,0.418871,108.08569676,0.42966845,9000.0,8877.0
runs_idc_ablate/idc_tr5000_te5000_imb1_a0.5_b0.2_k128,5000,5000,1.0,0.5,0.2,128.0,128.0,0.853554,0.669358,0.252215,0.107764,0.43711,73.00399014,2.1712212,9000.0,8877.0
runs_idc_ablate/idc_tr5000_te5000_imb1_a0.5_b0.2_k256,5000,5000,1.0,0.5,0.2,256.0,256.0,0.85209,1.030692,0.265257,0.122677,0.45725,63.291604,0.87416733,9000.0,8877.0
runs_idc_ablate/idc_tr5000_te5000_imb1_a0.5_b0.2_k32,5000,5000,1.0,0.5,0.2,32.0,32.0,0.852878,0.469015,0.249554,0.096581,0.413233,89.33967419,0.16762271,9000.0,8877.0
runs_idc_ablate/idc_tr5000_te5000_imb1_a0.5_b0.2_k512,5000,5000,1.0,0.5,0.2,512.0,512.0,0.854005,0.577859,0.240273,0.093103,0.415273,91.35608854,1.54507664,9000.0,8877.0
runs_idc_ablate/idc_tr5000_te5000_imb1_a0.5_b0.2_k64,5000,5000,1.0,0.5,0.2,64.0,64.0,0.853441,0.54649,0.248411,0.100279,0.426863,93.9674527,1.90543689,9000.0,8877.0
runs_idc_ablate/idc_tr5000_te5000_imb1_a0.5_b0.3_k128,5000,5000,1.0,0.5,0.3,128.0,128.0,0.853554,0.675482,0.253373,0.108057,0.438161,82.3563527,2.19692348,9000.0,8877.0
runs_idc_ablate/idc_tr5000_te5000_imb1_a0.5_b0.3_k256,5000,5000,1.0,0.5,0.3,256.0,256.0,0.851864,1.034527,0.26622,0.123346,0.457897,60.2968337,2.46031921,9000.0,8877.0
runs_idc_ablate/idc_tr5000_te5000_imb1_a0.5_b0.3_k32,5000,5000,1.0,0.5,0.3,32.0,32.0,0.852315,0.477961,0.253204,0.101442,0.418886,84.69546091,1.53855578,9000.0,8877.0
runs_idc_ablate/idc_tr5000_te5000_imb1_a0.5_b0.3_k512,5000,5000,1.0,0.5,0.3,512.0,512.0,0.853892,0.57914,0.240562,0.093596,0.415891,69.53178356,1.87800512,9000.0,8877.0
runs_idc_ablate/idc_tr5000_te5000_imb1_a0.5_b0.3_k64,5000,5000,1.0,0.5,0.3,64.0,64.0,0.853216,0.558026,0.251832,0.105703,0.432329,105.12994748,2.05848387,9000.0,8877.0
runs_idc_ablate/idc_tr5000_te5000_imb1_a0.5_b0.4_k128,5000,5000,1.0,0.5,0.4,128.0,128.0,0.853554,0.680885,0.254179,0.109446,0.439099,102.13083758,1.65581245,9000.0,8877.0
runs_idc_ablate/idc_tr5000_te5000_imb1_a0.5_b0.4_k256,5000,5000,1.0,0.5,0.4,256.0,256.0,0.851526,1.037442,0.266828,0.123435,0.458347,79.44283547,2.47775362,9000.0,8877.0
runs_idc_ablate/idc_tr5000_te5000_imb1_a0.5_b0.4_k32,5000,5000,1.0,0.5,0.4,32.0,32.0,0.852315,0.484118,0.256058,0.105093,0.422138,88.65441742,0.17918214,9000.0,8877.0
runs_idc_ablate/idc_tr5000_te5000_imb1_a0.5_b0.4_k512,5000,5000,1.0,0.5,0.4,512.0,512.0,0.853892,0.580585,0.240877,0.094009,0.416519,120.286592,3.43927638,9000.0,8877.0
runs_idc_ablate/idc_tr5000_te5000_imb1_a0.5_b0.4_k64,5000,5000,1.0,0.5,0.4,64.0,64.0,0.853441,0.565677,0.254575,0.109514,0.435928,100.22996477,0.48998585,9000.0,8877.0
runs_idc_ablate/idc_tr5000_te5000_imb1_a0.8_b0.01_k128,5000,5000,1.0,0.8,0.01,128.0,128.0,0.853892,0.479747,0.241251,0.093506,0.413855,135.48653527,2.20970149,9000.0,8877.0
runs_idc_ablate/idc_tr5000_te5000_imb1_a0.8_b0.01_k256,5000,5000,1.0,0.8,0.01,256.0,256.0,0.851752,0.679751,0.255202,0.11053,0.440832,100.43680837,2.29946768,9000.0,8877.0
runs_idc_ablate/idc_tr5000_te5000_imb1_a0.8_b0.01_k32,5000,5000,1.0,0.8,0.01,32.0,32.0,0.853216,0.37271,0.226055,0.031411,0.304758,179.0821899,0.22681057,9000.0,8877.0
runs_idc_ablate/idc_tr5000_te5000_imb1_a0.8_b0.01_k512,5000,5000,1.0,0.8,0.01,512.0,512.0,0.854455,0.480835,0.237809,0.08987,0.409542,91.19984203,1.9422484,9000.0,8877.0
runs_idc_ablate/idc_tr5000_te5000_imb1_a0.8_b0.01_k64,5000,5000,1.0,0.8,0.01,64.0,64.0,0.850175,0.406694,0.233079,0.078157,0.381012,108.73782553,0.48594914,9000.0,8877.0
runs_idc_ablate/idc_tr5000_te5000_imb1_a0.8_b0.3_k128,5000,5000,1.0,0.8,0.3,128.0,128.0,0.853892,0.488163,0.243889,0.096072,0.415725,89.75458109,0.77673268,9000.0,8877.0
runs_idc_ablate/idc_tr5000_te5000_imb1_a0.8_b0.3_k256,5000,5000,1.0,0.8,0.3,256.0,256.0,0.851977,0.685244,0.256521,0.112886,0.441844,187.81144725,3.13543465,9000.0,8877.0
runs_idc_ablate/idc_tr5000_te5000_imb1_a0.8_b0.3_k32,5000,5000,1.0,0.8,0.3,32.0,32.0,0.853892,0.395398,0.23695,0.061628,0.350569,180.68923327,1.4294094,9000.0,8877.0
runs_idc_ablate/idc_tr5000_te5000_imb1_a0.8_b0.3_k512,5000,5000,1.0,0.8,0.3,512.0,512.0,0.85423,0.482955,0.238317,0.090292,0.410501,123.27292089,3.84879369,9000.0,8877.0
runs_idc_ablate/idc_tr5000_te5000_imb1_a0.8_b0.3_k64,5000,5000,1.0,0.8,0.3,64.0,64.0,0.854117,0.422944,0.23815,0.083799,0.394618,130.20419143,2.52460154,9000.0,8877.0
runs_idc_ablate/idc_tr5000_te5000_imb1_a0.8_b0.7_k128,5000,5000,1.0,0.8,0.7,128.0,128.0,0.853554,0.493624,0.245119,0.095911,0.416538,98.85776236,3.01798209,9000.0,8877.0
runs_idc_ablate/idc_tr5000_te5000_imb1_a0.8_b0.7_k256,5000,5000,1.0,0.8,0.7,256.0,256.0,0.851414,0.6914,0.258107,0.114112,0.442586,163.3617723,3.74794345,9000.0,8877.0
runs_idc_ablate/idc_tr5000_te5000_imb1_a0.8_b0.7_k32,5000,5000,1.0,0.8,0.7,32.0,32.0,0.852653,0.401247,0.241257,0.068158,0.352704,193.75086584,1.45317242,9000.0,8877.0
runs_idc_ablate/idc_tr5000_te5000_imb1_a0.8_b0.7_k512,5000,5000,1.0,0.8,0.7,512.0,512.0,0.853779,0.486194,0.239331,0.090974,0.411006,89.60569823,4.00038544,9000.0,8877.0
runs_idc_ablate/idc_tr5000_te5000_imb1_a0.8_b0.7_k64,5000,5000,1.0,0.8,0.7,64.0,64.0,0.853216,0.427581,0.241062,0.088149,0.398456,138.94550307,0.53954887,9000.0,8877.0
runs_idc_ablate/idc_tr5000_te5000_imb1_a0.8_b0.9_k128,5000,5000,1.0,0.8,0.9,128.0,128.0,0.853329,0.495344,0.245561,0.095555,0.416424,84.46956123,0.83710837,9000.0,8877.0
runs_idc_ablate/idc_tr5000_te5000_imb1_a0.8_b0.9_k256,5000,5000,1.0,0.8,0.9,256.0,256.0,0.851188,0.694482,0.259184,0.114802,0.442691,173.85341451,2.79775601,9000.0,8877.0
runs_idc_ablate/idc_tr5000_te5000_imb1_a0.8_b0.9_k32,5000,5000,1.0,0.8,0.9,32.0,32.0,0.85209,0.402399,0.242148,0.068977,0.353473,173.68019019,1.47897654,9000.0,8877.0
runs_idc_ablate/idc_tr5000_te5000_imb1_a0.8_b0.9_k512,5000,5000,1.0,0.8,0.9,512.0,512.0,0.853667,0.487842,0.239952,0.091714,0.411213,137.73923384,1.71761521,9000.0,8877.0
runs_idc_ablate/idc_tr5000_te5000_imb1_a0.8_b0.9_k64,5000,5000,1.0,0.8,0.9,64.0,64.0,0.852766,0.42942,0.242209,0.089164,0.399004,117.6285224,2.5069968,9000.0,8877.0
runs_idc_ablate/idc_tr5000_te5000_imb8_a0.1_b0.1_k128,5000,5000,8.0,0.1,0.1,128.0,128.0,0.805002,0.999075,0.315137,0.126722,0.292912,51.63802962,2.31329679,5070.0,8877.0
runs_idc_ablate/idc_tr5000_te5000_imb8_a0.1_b0.1_k256,5000,5000,8.0,0.1,0.1,256.0,256.0,0.791258,1.209965,0.349538,0.151501,0.302008,16.73976007,0.85093405,5070.0,8877.0
runs_idc_ablate/idc_tr5000_te5000_imb8_a0.1_b0.1_k32,5000,5000,8.0,0.1,0.1,32.0,32.0,0.785175,0.803544,0.34816,0.136875,0.274521,94.96669043,2.60771644,5070.0,8877.0
runs_idc_ablate/idc_tr5000_te5000_imb8_a0.1_b0.1_k512,5000,5000,8.0,0.1,0.1,512.0,512.0,0.798243,1.988863,0.347,0.150226,0.305653,25.47350147,1.92412229,5070.0,8877.0
runs_idc_ablate/idc_tr5000_te5000_imb8_a0.1_b0.1_k64,5000,5000,8.0,0.1,0.1,64.0,64.0,0.77605,1.024656,0.357616,0.160694,0.275787,84.29102418,2.37045971,5070.0,8877.0
runs_idc_ablate/idc_tr5000_te5000_imb8_a0.1_b0.2_k128,5000,5000,8.0,0.1,0.2,128.0,128.0,0.805678,1.010743,0.316152,0.129655,0.30615,41.59367304,0.50668434,5070.0,8877.0
runs_idc_ablate/idc_tr5000_te5000_imb8_a0.1_b0.2_k256,5000,5000,8.0,0.1,0.2,256.0,256.0,0.790808,1.223431,0.35217,0.151848,0.306896,50.28371043,2.29512867,5070.0,8877.0
runs_idc_ablate/idc_tr5000_te5000_imb8_a0.1_b0.2_k32,5000,5000,8.0,0.1,0.2,32.0,32.0,0.797454,0.84524,0.346602,0.150065,0.323071,75.86029312,0.6107194,5070.0,8877.0
runs_idc_ablate/idc_tr5000_te5000_imb8_a0.1_b0.2_k512,5000,5000,8.0,0.1,0.2,512.0,512.0,0.79599,1.992804,0.348404,0.150369,0.309574,48.6363942,4.43089269,5070.0,8877.0
runs_idc_ablate/idc_tr5000_te5000_imb8_a0.1_b0.2_k64,5000,5000,8.0,0.1,0.2,64.0,64.0,0.784837,1.090849,0.360287,0.15617,0.298476,44.50925606,0.46954787,5070.0,8877.0
runs_idc_ablate/idc_tr5000_te5000_imb8_a0.1_b0.3_k128,5000,5000,8.0,0.1,0.3,128.0,128.0,0.805002,1.026361,0.318914,0.131296,0.314989,44.68050352,0.78224002,5070.0,8877.0
runs_idc_ablate/idc_tr5000_te5000_imb8_a0.1_b0.3_k256,5000,5000,8.0,0.1,0.3,256.0,256.0,0.790132,1.237772,0.354844,0.153123,0.311042,29.21784998,0.84996891,5070.0,8877.0
runs_idc_ablate/idc_tr5000_te5000_imb8_a0.1_b0.3_k32,5000,5000,8.0,0.1,0.3,32.0,32.0,0.800946,0.87262,0.350134,0.158973,0.344639,124.11093757,1.55800296,5070.0,8877.0
runs_idc_ablate/idc_tr5000_te5000_imb8_a0.1_b0.3_k512,5000,5000,8.0,0.1,0.3,512.0,512.0,0.795539,1.997279,0.349316,0.151553,0.312714,120.08527529,4.8854588,5070.0,8877.0
runs_idc_ablate/idc_tr5000_te5000_imb8_a0.1_b0.3_k64,5000,5000,8.0,0.1,0.3,64.0,64.0,0.788329,1.134824,0.361992,0.157521,0.312866,30.27824845,0.77935758,5070.0,8877.0
runs_idc_ablate/idc_tr5000_te5000_imb8_a0.1_b0.4_k128,5000,5000,8.0,0.1,0.4,128.0,128.0,0.805903,1.037084,0.319583,0.132908,0.320943,53.93721098,2.55359617,5070.0,8877.0
runs_idc_ablate/idc_tr5000_te5000_imb8_a0.1_b0.4_k256,5000,5000,8.0,0.1,0.4,256.0,256.0,0.790019,1.250564,0.356804,0.153119,0.314666,47.9149178,0.85001736,5070.0,8877.0
runs_idc_ablate/idc_tr5000_te5000_imb8_a0.1_b0.4_k32,5000,5000,8.0,0.1,0.4,32.0,32.0,0.801622,0.893632,0.35444,0.164584,0.356978,44.65344866,1.78915843,5070.0,8877.0
runs_idc_ablate/idc_tr5000_te5000_imb8_a0.1_b0.4_k512,5000,5000,8.0,0.1,0.4,512.0,512.0,0.796102,2.000882,0.350325,0.15342,0.316159,20.3570748,4.4010088,5070.0,8877.0
runs_idc_ablate/idc_tr5000_te5000_imb8_a0.1_b0.4_k64,5000,5000,8.0,0.1,0.4,64.0,64.0,0.791596,1.16364,0.363346,0.163097,0.323492,43.45169279,1.8951044,5070.0,8877.0
runs_idc_ablate/idc_tr5000_te5000_imb8_a0.1_b0.5_k128,5000,5000,8.0,0.1,0.5,128.0,128.0,0.806016,1.052474,0.322657,0.137753,0.32626,18.22454704,0.63000813,5070.0,8877.0
runs_idc_ablate/idc_tr5000_te5000_imb8_a0.1_b0.5_k256,5000,5000,8.0,0.1,0.5,256.0,256.0,0.790695,1.26516,0.359409,0.153872,0.317721,17.62332504,0.78416357,5070.0,8877.0
runs_idc_ablate/idc_tr5000_te5000_imb8_a0.1_b0.5_k32,5000,5000,8.0,0.1,0.5,32.0,32.0,0.80196,0.910159,0.358212,0.16877,0.364828,67.10549172,2.2772653,5070.0,8877.0
runs_idc_ablate/idc_tr5000_te5000_imb8_a0.1_b0.5_k64,5000,5000,8.0,0.1,0.5,64.0,64.0,0.791822,1.185335,0.364947,0.164066,0.331293,96.22205805,2.90293089,5070.0,8877.0
runs_idc_ablate/idc_tr5000_te5000_imb8_a0.1_b1.0_k128,5000,5000,8.0,0.1,1.0,128.0,128.0,0.806579,1.111076,0.331038,0.14958,0.345764,17.95467313,2.14399634,5070.0,8877.0
runs_idc_ablate/idc_tr5000_te5000_imb8_a0.1_b1.0_k256,5000,5000,8.0,0.1,1.0,256.0,256.0,0.79475,1.329574,0.368141,0.16311,0.328473,15.93029325,1.02649437,5070.0,8877.0
runs_idc_ablate/idc_tr5000_te5000_imb8_a0.1_b1.0_k32,5000,5000,8.0,0.1,1.0,32.0,32.0,0.801847,0.95606,0.36987,0.180477,0.380322,43.01462678,0.18262042,5070.0,8877.0
runs_idc_ablate/idc_tr5000_te5000_imb8_a0.1_b1.0_k64,5000,5000,8.0,0.1,1.0,64.0,64.0,0.796102,1.247699,0.371936,0.176189,0.352558,61.00531238,2.89468264,5070.0,8877.0
runs_idc_ablate/idc_tr5000_te5000_imb8_a0.1_b1.5_k128,5000,5000,8.0,0.1,1.5,128.0,128.0,0.806691,1.15787,0.339131,0.159981,0.357716,128.25367005,2.5666864,5070.0,8877.0
runs_idc_ablate/idc_tr5000_te5000_imb8_a0.1_b1.5_k256,5000,5000,8.0,0.1,1.5,256.0,256.0,0.793962,1.379958,0.375103,0.169535,0.336039,72.40514936,3.58304291,5070.0,8877.0
runs_idc_ablate/idc_tr5000_te5000_imb8_a0.1_b1.5_k32,5000,5000,8.0,0.1,1.5,32.0,32.0,0.800721,0.976527,0.375605,0.184712,0.384399,30.03960229,0.15444845,5070.0,8877.0
runs_idc_ablate/idc_tr5000_te5000_imb8_a0.1_b1.5_k64,5000,5000,8.0,0.1,1.5,64.0,64.0,0.796778,1.279971,0.377173,0.181142,0.362462,132.82507152,3.37218781,5070.0,8877.0
runs_idc_ablate/idc_tr5000_te5000_imb8_a0.1_b2.0_k128,5000,5000,8.0,0.1,2.0,128.0,128.0,0.806691,1.194334,0.345796,0.166384,0.365744,108.47533644,2.67779262,5070.0,8877.0
runs_idc_ablate/idc_tr5000_te5000_imb8_a0.1_b2.0_k256,5000,5000,8.0,0.1,2.0,256.0,256.0,0.79261,1.420447,0.381139,0.175926,0.341874,67.26581784,2.60282883,5070.0,8877.0
runs_idc_ablate/idc_tr5000_te5000_imb8_a0.1_b2.0_k32,5000,5000,8.0,0.1,2.0,32.0,32.0,0.799932,0.988919,0.37942,0.187237,0.385983,63.01560519,1.71796563,5070.0,8877.0
runs_idc_ablate/idc_tr5000_te5000_imb8_a0.1_b2.0_k64,5000,5000,8.0,0.1,2.0,64.0,64.0,0.798017,1.302225,0.381485,0.185141,0.368508,58.79481424,1.68332909,5070.0,8877.0
runs_idc_ablate/idc_tr5000_te5000_imb8_a0.2_b0.1_k128,5000,5000,8.0,0.2,0.1,128.0,128.0,0.804889,0.893602,0.315458,0.125757,0.289952,59.01635354,0.69889378,5070.0,8877.0
runs_idc_ablate/idc_tr5000_te5000_imb8_a0.2_b0.1_k256,5000,5000,8.0,0.2,0.1,256.0,256.0,0.791258,1.063312,0.349596,0.151879,0.300885,40.33294688,3.34752712,5070.0,8877.0
runs_idc_ablate/idc_tr5000_te5000_imb8_a0.2_b0.1_k32,5000,5000,8.0,0.2,0.1,32.0,32.0,0.785288,0.706757,0.342719,0.130353,0.266098,49.83092442,0.16945551,5070.0,8877.0
runs_idc_ablate/idc_tr5000_te5000_imb8_a0.2_b0.1_k512,5000,5000,8.0,0.2,0.1,512.0,512.0,0.797679,1.809031,0.347043,0.149131,0.305402,20.77858786,1.68786728,5070.0,8877.0
runs_idc_ablate/idc_tr5000_te5000_imb8_a0.2_b0.1_k64,5000,5000,8.0,0.2,0.1,64.0,64.0,0.77605,0.905283,0.355308,0.156871,0.271636,40.86806235,0.67081021,5070.0,8877.0
runs_idc_ablate/idc_tr5000_te5000_imb8_a0.2_b0.2_k128,5000,5000,8.0,0.2,0.2,128.0,128.0,0.805114,0.903739,0.316745,0.128971,0.302827,91.83196237,2.58663961,5070.0,8877.0
runs_idc_ablate/idc_tr5000_te5000_imb8_a0.2_b0.2_k256,5000,5000,8.0,0.2,0.2,256.0,256.0,0.790695,1.075849,0.352185,0.151874,0.305335,45.49744501,1.51737038,5070.0,8877.0
runs_idc_ablate/idc_tr5000_te5000_imb8_a0.2_b0.2_k32,5000,5000,8.0,0.2,0.2,32.0,32.0,0.797792,0.724176,0.338966,0.142326,0.312316,75.78855253,2.56969848,5070.0,8877.0
runs_idc_ablate/idc_tr5000_te5000_imb8_a0.2_b0.2_k512,5000,5000,8.0,0.2,0.2,512.0,512.0,0.796102,1.811482,0.34811,0.14981,0.308795,64.92849376,5.1043249,5070.0,8877.0
runs_idc_ablate/idc_tr5000_te5000_imb8_a0.2_b0.2_k64,5000,5000,8.0,0.2,0.2,64.0,64.0,0.78495,0.951637,0.357765,0.15351,0.293332,56.07323371,2.31128656,5070.0,8877.0
runs_idc_ablate/idc_tr5000_te5000_imb8_a0.2_b0.3_k128,5000,5000,8.0,0.2,0.3,128.0,128.0,0.804889,0.912698,0.317768,0.129217,0.310629,31.2770312,0.53814261,5070.0,8877.0
runs_idc_ablate/idc_tr5000_te5000_imb8_a0.2_b0.3_k256,5000,5000,8.0,0.2,0.3,256.0,256.0,0.790582,1.087889,0.354739,0.153642,0.30925,56.92000509,3.18253854,5070.0,8877.0
runs_idc_ablate/idc_tr5000_te5000_imb8_a0.2_b0.3_k32,5000,5000,8.0,0.2,0.3,32.0,32.0,0.800946,0.738081,0.341118,0.149707,0.332484,35.76089852,0.18584036,5070.0,8877.0
runs_idc_ablate/idc_tr5000_te5000_imb8_a0.2_b0.3_k512,5000,5000,8.0,0.2,0.3,512.0,512.0,0.795652,1.815885,0.349287,0.151201,0.311997,20.36509521,1.78526418,5070.0,8877.0
runs_idc_ablate/idc_tr5000_te5000_imb8_a0.2_b0.3_k64,5000,5000,8.0,0.2,0.3,64.0,64.0,0.788217,0.978142,0.358912,0.154057,0.30646,77.39284112,1.92736177,5070.0,8877.0
runs_idc_ablate/idc_tr5000_te5000_imb8_a0.2_b0.4_k128,5000,5000,8.0,0.2,0.4,128.0,128.0,0.80534,0.925193,0.320168,0.131481,0.316573,31.04781984,2.85893078,5070.0,8877.0
runs_idc_ablate/idc_tr5000_te5000_imb8_a0.2_b0.4_k256,5000,5000,8.0,0.2,0.4,256.0,256.0,0.790019,1.09978,0.356774,0.153282,0.312685,16.42868903,0.84162379,5070.0,8877.0
runs_idc_ablate/idc_tr5000_te5000_imb8_a0.2_b0.4_k32,5000,5000,8.0,0.2,0.4,32.0,32.0,0.80196,0.750137,0.344561,0.155555,0.343731,97.7868177,2.01472648,5070.0,8877.0
runs_idc_ablate/idc_tr5000_te5000_imb8_a0.2_b0.4_k512,5000,5000,8.0,0.2,0.4,512.0,512.0,0.794976,1.820854,0.350967,0.151963,0.314481,69.61545022,3.91953794,5070.0,8877.0
runs_idc_ablate/idc_tr5000_te5000_imb8_a0.2_b0.4_k64,5000,5000,8.0,0.2,0.4,64.0,64.0,0.790808,0.996396,0.360289,0.158635,0.316216,62.68817834,2.19633657,5070.0,8877.0
runs_idc_ablate/idc_tr5000_te5000_imb8_a0.2_b0.5_k128,5000,5000,8.0,0.2,0.5,128.0,128.0,0.806579,0.933983,0.321353,0.135467,0.321533,19.24519262,0.81714791,5070.0,8877.0
runs_idc_ablate/idc_tr5000_te5000_imb8_a0.2_b0.5_k256,5000,5000,8.0,0.2,0.5,256.0,256.0,0.790244,1.111323,0.359295,0.153892,0.315519,75.27113651,3.77947026,5070.0,8877.0
runs_idc_ablate/idc_tr5000_te5000_imb8_a0.2_b0.5_k32,5000,5000,8.0,0.2,0.5,32.0,32.0,0.802411,0.759778,0.347687,0.160078,0.350844,46.74297903,0.15527984,5070.0,8877.0
runs_idc_ablate/idc_tr5000_te5000_imb8_a0.2_b0.5_k64,5000,5000,8.0,0.2,0.5,64.0,64.0,0.791709,1.010053,0.361772,0.160836,0.323516,22.59096301,0.53927634,5070.0,8877.0
runs_idc_ablate/idc_tr5000_te5000_imb8_a0.2_b1.0_k128,5000,5000,8.0,0.2,1.0,128.0,128.0,0.806804,0.975763,0.328898,0.146465,0.33913,25.70070394,2.21222758,5070.0,8877.0
runs_idc_ablate/idc_tr5000_te5000_imb8_a0.2_b1.0_k256,5000,5000,8.0,0.2,1.0,256.0,256.0,0.794413,1.161854,0.367062,0.161586,0.325566,206.05270463,4.72489528,5070.0,8877.0
runs_idc_ablate/idc_tr5000_te5000_imb8_a0.2_b1.0_k32,5000,5000,8.0,0.2,1.0,32.0,32.0,0.802523,0.787522,0.357647,0.171809,0.364753,28.45925198,1.98037004,5070.0,8877.0
runs_idc_ablate/idc_tr5000_te5000_imb8_a0.2_b1.0_k64,5000,5000,8.0,0.2,1.0,64.0,64.0,0.795539,1.048826,0.367662,0.171212,0.342976,23.65683597,0.52716698,5070.0,8877.0
runs_idc_ablate/idc_tr5000_te5000_imb8_a0.2_b1.5_k32,5000,5000,8.0,0.2,1.5,32.0,32.0,0.801172,0.800318,0.362739,0.175577,0.368275,120.85223612,2.3258217,5070.0,8877.0
runs_idc_ablate/idc_tr5000_te5000_imb8_a0.2_b1.5_k64,5000,5000,8.0,0.2,1.5,64.0,64.0,0.796553,1.069802,0.372252,0.176448,0.351927,64.16867599,2.03761656,5070.0,8877.0
runs_idc_ablate/idc_tr5000_te5000_imb8_a0.4_b0.01_k128,5000,5000,8.0,0.4,0.01,128.0,128.0,0.80151,0.766723,0.316136,0.119383,0.260403,53.79309854,2.91703311,5070.0,8877.0
runs_idc_ablate/idc_tr5000_te5000_imb8_a0.4_b0.01_k256,5000,5000,8.0,0.4,0.01,256.0,256.0,0.79216,0.885401,0.34747,0.147654,0.293071,60.68725176,3.29848301,5070.0,8877.0
runs_idc_ablate/idc_tr5000_te5000_imb8_a0.4_b0.01_k32,5000,5000,8.0,0.4,0.01,32.0,32.0,0.568773,0.741216,0.488544,0.28873,0.049241,42.26577402,0.15330033,5070.0,8877.0
runs_idc_ablate/idc_tr5000_te5000_imb8_a0.4_b0.01_k512,5000,5000,8.0,0.4,0.01,512.0,512.0,0.796778,1.537277,0.346846,0.144393,0.297707,25.84770683,1.95014494,5070.0,8877.0
runs_idc_ablate/idc_tr5000_te5000_imb8_a0.4_b0.01_k64,5000,5000,8.0,0.4,0.01,64.0,64.0,0.776614,0.724309,0.344816,0.13509,0.220228,50.96883005,1.93593307,5070.0,8877.0
runs_idc_ablate/idc_tr5000_te5000_imb8_a0.4_b0.1_k128,5000,5000,8.0,0.4,0.1,128.0,128.0,0.805452,0.767274,0.315055,0.124459,0.282671,37.68659904,1.16882396,5070.0,8877.0
runs_idc_ablate/idc_tr5000_te5000_imb8_a0.4_b0.1_k256,5000,5000,8.0,0.4,0.1,256.0,256.0,0.791484,0.893721,0.349681,0.149969,0.296978,76.44273669,3.32259577,5070.0,8877.0
runs_idc_ablate/idc_tr5000_te5000_imb8_a0.4_b0.1_k32,5000,5000,8.0,0.4,0.1,32.0,32.0,0.785288,0.596566,0.3325,0.116073,0.244711,68.68145003,1.60886956,5070.0,8877.0
runs_idc_ablate/idc_tr5000_te5000_imb8_a0.4_b0.1_k512,5000,5000,8.0,0.4,0.1,512.0,512.0,0.796328,1.539263,0.347195,0.145673,0.30231,87.22074729,3.85278265,5070.0,8877.0
runs_idc_ablate/idc_tr5000_te5000_imb8_a0.4_b0.1_k64,5000,5000,8.0,0.4,0.1,64.0,64.0,0.776163,0.755083,0.349296,0.142031,0.258677,20.97240593,0.55085954,5070.0,8877.0
runs_idc_ablate/idc_tr5000_te5000_imb8_a0.4_b0.2_k128,5000,5000,8.0,0.4,0.2,128.0,128.0,0.805452,0.774174,0.316085,0.123333,0.29371,68.92774836,1.7824468,5070.0,8877.0
runs_idc_ablate/idc_tr5000_te5000_imb8_a0.4_b0.2_k256,5000,5000,8.0,0.4,0.2,256.0,256.0,0.791033,0.90232,0.351415,0.150113,0.30138,198.68744241,4.10307778,5070.0,8877.0
runs_idc_ablate/idc_tr5000_te5000_imb8_a0.4_b0.2_k32,5000,5000,8.0,0.4,0.2,32.0,32.0,0.798355,0.592998,0.324527,0.124968,0.285518,31.83091546,0.15532549,5070.0,8877.0
runs_idc_ablate/idc_tr5000_te5000_imb8_a0.4_b0.2_k512,5000,5000,8.0,0.4,0.2,512.0,512.0,0.795426,1.542148,0.348154,0.14655,0.305172,94.2651459,4.52505986,5070.0,8877.0
runs_idc_ablate/idc_tr5000_te5000_imb8_a0.4_b0.2_k64,5000,5000,8.0,0.4,0.2,64.0,64.0,0.783598,0.776611,0.350945,0.144335,0.277328,26.93736949,0.89548042,5070.0,8877.0
runs_idc_ablate/idc_tr5000_te5000_imb8_a0.4_b0.3_k128,5000,5000,8.0,0.4,0.3,128.0,128.0,0.805114,0.781409,0.317481,0.127606,0.300424,34.91111933,2.42778934,5070.0,8877.0
runs_idc_ablate/idc_tr5000_te5000_imb8_a0.4_b0.3_k256,5000,5000,8.0,0.4,0.3,256.0,256.0,0.79092,0.911923,0.353639,0.151385,0.304832,53.10522265,2.6534136,5070.0,8877.0
runs_idc_ablate/idc_tr5000_te5000_imb8_a0.4_b0.3_k32,5000,5000,8.0,0.4,0.3,32.0,32.0,0.801284,0.595912,0.324409,0.130423,0.302498,65.68592693,1.80691304,5070.0,8877.0
runs_idc_ablate/idc_tr5000_te5000_imb8_a0.4_b0.3_k512,5000,5000,8.0,0.4,0.3,512.0,512.0,0.795764,1.544504,0.348932,0.149072,0.308083,77.020546,4.42175513,5070.0,8877.0
runs_idc_ablate/idc_tr5000_te5000_imb8_a0.4_b0.3_k64,5000,5000,8.0,0.4,0.3,64.0,64.0,0.788329,0.788008,0.351068,0.144699,0.289118,25.76375692,2.04736335,5070.0,8877.0
runs_idc_ablate/idc_tr5000_te5000_imb8_a0.4_b0.4_k128,5000,5000,8.0,0.4,0.4,128.0,128.0,0.805002,0.785946,0.317894,0.126907,0.305328,42.75434132,2.40071089,5070.0,8877.0
runs_idc_ablate/idc_tr5000_te5000_imb8_a0.4_b0.4_k256,5000,5000,8.0,0.4,0.4,256.0,256.0,0.79047,0.919929,0.355473,0.152657,0.307133,91.7747947,2.78374131,5070.0,8877.0
runs_idc_ablate/idc_tr5000_te5000_imb8_a0.4_b0.4_k32,5000,5000,8.0,0.4,0.4,32.0,32.0,0.802523,0.600123,0.326042,0.1359,0.311923,60.9958492,1.66928071,5070.0,8877.0
runs_idc_ablate/idc_tr5000_te5000_imb8_a0.4_b0.4_k512,5000,5000,8.0,0.4,0.4,512.0,512.0,0.795314,1.547508,0.349808,0.149249,0.309873,19.68912876,1.78757448,5070.0,8877.0
runs_idc_ablate/idc_tr5000_te5000_imb8_a0.4_b0.4_k64,5000,5000,8.0,0.4,0.4,64.0,64.0,0.790244,0.79581,0.351909,0.148378,0.297189,38.05487729,1.60287924,5070.0,8877.0
runs_idc_ablate/idc_tr5000_te5000_imb8_a0.4_b0.7_k128,5000,5000,8.0,0.4,0.7,128.0,128.0,0.807593,0.800283,0.320672,0.132464,0.316128,37.23190413,1.19297792,5070.0,8877.0
runs_idc_ablate/idc_tr5000_te5000_imb8_a0.4_b0.7_k256,5000,5000,8.0,0.4,0.7,256.0,256.0,0.791596,0.941415,0.359964,0.153044,0.313623,121.89160677,3.50477848,5070.0,8877.0
runs_idc_ablate/idc_tr5000_te5000_imb8_a0.4_b0.7_k32,5000,5000,8.0,0.4,0.7,32.0,32.0,0.802974,0.610408,0.331282,0.145158,0.324273,36.85150691,2.13491082,5070.0,8877.0
runs_idc_ablate/idc_tr5000_te5000_imb8_a0.4_b0.7_k512,5000,5000,8.0,0.4,0.7,512.0,512.0,0.79475,1.557155,0.352564,0.152721,0.315306,90.58633232,5.60378653,5070.0,8877.0
runs_idc_ablate/idc_tr5000_te5000_imb8_a0.4_b0.7_k64,5000,5000,8.0,0.4,0.7,64.0,64.0,0.792723,0.811348,0.35466,0.153475,0.311419,56.50371188,2.10010741,5070.0,8877.0
runs_idc_ablate/idc_tr5000_te5000_imb8_a0.4_b0.9_k128,5000,5000,8.0,0.4,0.9,128.0,128.0,0.806128,0.809774,0.323162,0.135797,0.321277,27.42712876,1.31961458,5070.0,8877.0
runs_idc_ablate/idc_tr5000_te5000_imb8_a0.4_b0.9_k256,5000,5000,8.0,0.4,0.9,256.0,256.0,0.793286,0.953144,0.362213,0.155607,0.316459,93.00589532,2.67468965,5070.0,8877.0
runs_idc_ablate/idc_tr5000_te5000_imb8_a0.4_b0.9_k32,5000,5000,8.0,0.4,0.9,32.0,32.0,0.802861,0.615125,0.333802,0.148823,0.327515,55.75605346,2.37812677,5070.0,8877.0
runs_idc_ablate/idc_tr5000_te5000_imb8_a0.4_b0.9_k512,5000,5000,8.0,0.4,0.9,512.0,512.0,0.795088,1.564188,0.35419,0.15451,0.318056,39.45099035,2.38990387,5070.0,8877.0
runs_idc_ablate/idc_tr5000_te5000_imb8_a0.4_b0.9_k64,5000,5000,8.0,0.4,0.9,64.0,64.0,0.794863,0.817243,0.355864,0.157546,0.317004,26.75730537,1.74170433,5070.0,8877.0
runs_idc_ablate/idc_tr5000_te5000_imb8_a0.5_b0.1_k128,5000,5000,8.0,0.5,0.1,128.0,128.0,0.805678,0.720005,0.314487,0.121112,0.276676,23.90568145,0.64415283,5070.0,8877.0
runs_idc_ablate/idc_tr5000_te5000_imb8_a0.5_b0.1_k256,5000,5000,8.0,0.5,0.1,256.0,256.0,0.790357,0.830512,0.348857,0.147402,0.29448,22.32804654,1.42619693,5070.0,8877.0
runs_idc_ablate/idc_tr5000_te5000_imb8_a0.5_b0.1_k32,5000,5000,8.0,0.5,0.1,32.0,32.0,0.784612,0.561224,0.328952,0.108293,0.22962,44.66961313,1.09188011,5070.0,8877.0
runs_idc_ablate/idc_tr5000_te5000_imb8_a0.5_b0.1_k512,5000,5000,8.0,0.5,0.1,512.0,512.0,0.79644,1.414281,0.346941,0.144561,0.299058,18.84264094,1.65713997,5070.0,8877.0
runs_idc_ablate/idc_tr5000_te5000_imb8_a0.5_b0.1_k64,5000,5000,8.0,0.5,0.1,64.0,64.0,0.776163,0.694793,0.34511,0.133059,0.248835,21.54075824,0.62339984,5070.0,8877.0
runs_idc_ablate/idc_tr5000_te5000_imb8_a0.5_b0.2_k128,5000,5000,8.0,0.5,0.2,128.0,128.0,0.805452,0.726263,0.315684,0.120931,0.287271,18.73962224,0.88669364,5070.0,8877.0
runs_idc_ablate/idc_tr5000_te5000_imb8_a0.5_b0.2_k256,5000,5000,8.0,0.5,0.2,256.0,256.0,0.791258,0.837788,0.350515,0.149908,0.297904,16.27377457,0.47684403,5070.0,8877.0
runs_idc_ablate/idc_tr5000_te5000_imb8_a0.5_b0.2_k32,5000,5000,8.0,0.5,0.2,32.0,32.0,0.797792,0.551765,0.318614,0.114476,0.267599,51.03472512,1.25743359,5070.0,8877.0
runs_idc_ablate/idc_tr5000_te5000_imb8_a0.5_b0.2_k512,5000,5000,8.0,0.5,0.2,512.0,512.0,0.795539,1.417047,0.347729,0.145116,0.302084,28.56972649,1.6043913,5070.0,8877.0
runs_idc_ablate/idc_tr5000_te5000_imb8_a0.5_b0.2_k64,5000,5000,8.0,0.5,0.2,64.0,64.0,0.783373,0.708206,0.345937,0.137315,0.265885,32.77133743,0.46094446,5070.0,8877.0
runs_idc_ablate/idc_tr5000_te5000_imb8_a0.5_b0.3_k128,5000,5000,8.0,0.5,0.3,128.0,128.0,0.805002,0.72864,0.315552,0.122681,0.292878,26.70545882,0.51485051,5070.0,8877.0
runs_idc_ablate/idc_tr5000_te5000_imb8_a0.5_b0.3_k256,5000,5000,8.0,0.5,0.3,256.0,256.0,0.791033,0.844815,0.352281,0.149557,0.300674,16.36583397,0.71948754,5070.0,8877.0
runs_idc_ablate/idc_tr5000_te5000_imb8_a0.5_b0.3_k32,5000,5000,8.0,0.5,0.3,32.0,32.0,0.801172,0.551524,0.31728,0.119217,0.283143,48.34484407,1.06206523,5070.0,8877.0
runs_idc_ablate/idc_tr5000_te5000_imb8_a0.5_b0.3_k512,5000,5000,8.0,0.5,0.3,512.0,512.0,0.795652,1.419321,0.348435,0.147205,0.304337,24.91902507,1.56562807,5070.0,8877.0
runs_idc_ablate/idc_tr5000_te5000_imb8_a0.5_b0.3_k64,5000,5000,8.0,0.5,0.3,64.0,64.0,0.788104,0.714942,0.345912,0.137686,0.276596,22.65945047,0.64171763,5070.0,8877.0
runs_idc_ablate/idc_tr5000_te5000_imb8_a0.5_b0.4_k128,5000,5000,8.0,0.5,0.4,128.0,128.0,0.805678,0.733433,0.316447,0.124581,0.297591,17.13090514,2.18461224,5070.0,8877.0
runs_idc_ablate/idc_tr5000_te5000_imb8_a0.5_b0.4_k256,5000,5000,8.0,0.5,0.4,256.0,256.0,0.791033,0.851848,0.353969,0.151632,0.303167,47.47871925,2.98823516,5070.0,8877.0
runs_idc_ablate/idc_tr5000_te5000_imb8_a0.5_b0.4_k32,5000,5000,8.0,0.5,0.4,32.0,32.0,0.80196,0.553568,0.318045,0.123217,0.291607,48.55817568,1.54038632,5070.0,8877.0
runs_idc_ablate/idc_tr5000_te5000_imb8_a0.5_b0.4_k512,5000,5000,8.0,0.5,0.4,512.0,512.0,0.795426,1.421785,0.349231,0.147887,0.306241,36.24948919,1.73292052,5070.0,8877.0
runs_idc_ablate/idc_tr5000_te5000_imb8_a0.5_b0.4_k64,5000,5000,8.0,0.5,0.4,64.0,64.0,0.790357,0.719939,0.346284,0.140676,0.283946,39.71503098,1.51532236,5070.0,8877.0
runs_idc_ablate/idc_tr5000_te5000_imb8_a0.8_b0.01_k128,5000,5000,8.0,0.8,0.01,128.0,128.0,0.807818,0.580005,0.308463,0.100266,0.227638,51.8063509,2.32191561,5070.0,8877.0
runs_idc_ablate/idc_tr5000_te5000_imb8_a0.8_b0.01_k256,5000,5000,8.0,0.8,0.01,256.0,256.0,0.787991,0.653214,0.336864,0.129202,0.268358,73.07517641,2.58247627,5070.0,8877.0
runs_idc_ablate/idc_tr5000_te5000_imb8_a0.8_b0.01_k32,5000,5000,8.0,0.8,0.01,32.0,32.0,0.563253,0.72097,0.526395,0.298021,0.027271,42.62718631,1.09352808,5070.0,8877.0
runs_idc_ablate/idc_tr5000_te5000_imb8_a0.8_b0.01_k512,5000,5000,8.0,0.8,0.01,512.0,512.0,0.795201,1.05593,0.344428,0.130448,0.270981,25.96202762,2.23209052,5070.0,8877.0
runs_idc_ablate/idc_tr5000_te5000_imb8_a0.8_b0.01_k64,5000,5000,8.0,0.8,0.01,64.0,64.0,0.771544,0.53517,0.329269,0.090463,0.165772,67.02704576,1.03377499,5070.0,8877.0
runs_idc_ablate/idc_tr5000_te5000_imb8_a0.8_b0.3_k128,5000,5000,8.0,0.8,0.3,128.0,128.0,0.80748,0.577891,0.306009,0.094849,0.250335,18.88031115,1.4966923,5070.0,8877.0
runs_idc_ablate/idc_tr5000_te5000_imb8_a0.8_b0.3_k256,5000,5000,8.0,0.8,0.3,256.0,256.0,0.790357,0.662315,0.340137,0.133022,0.274624,24.06859971,2.29746393,5070.0,8877.0
runs_idc_ablate/idc_tr5000_te5000_imb8_a0.8_b0.3_k32,5000,5000,8.0,0.8,0.3,32.0,32.0,0.792272,0.499734,0.320246,0.098407,0.182714,36.702368,0.1549128,5070.0,8877.0
runs_idc_ablate/idc_tr5000_te5000_imb8_a0.8_b0.3_k512,5000,5000,8.0,0.8,0.3,512.0,512.0,0.795314,1.057514,0.344965,0.132369,0.275899,38.57923857,1.73136334,5070.0,8877.0
runs_idc_ablate/idc_tr5000_te5000_imb8_a0.8_b0.3_k64,5000,5000,8.0,0.8,0.3,64.0,64.0,0.78495,0.533779,0.323656,0.093485,0.202367,83.41860571,2.58461219,5070.0,8877.0
runs_idc_ablate/idc_tr5000_te5000_imb8_a0.8_b0.7_k128,5000,5000,8.0,0.8,0.7,128.0,128.0,0.808381,0.581116,0.306631,0.098308,0.258321,25.4952596,2.13887601,5070.0,8877.0
runs_idc_ablate/idc_tr5000_te5000_imb8_a0.8_b0.7_k256,5000,5000,8.0,0.8,0.7,256.0,256.0,0.791146,0.670779,0.343314,0.13297,0.279379,48.11854802,0.92947457,5070.0,8877.0
runs_idc_ablate/idc_tr5000_te5000_imb8_a0.8_b0.7_k32,5000,5000,8.0,0.8,0.7,32.0,32.0,0.799031,0.496642,0.3172,0.091818,0.194864,67.04960232,2.22136925,5070.0,8877.0
runs_idc_ablate/idc_tr5000_te5000_imb8_a0.8_b0.7_k512,5000,5000,8.0,0.8,0.7,512.0,512.0,0.794976,1.062278,0.346465,0.135352,0.27977,19.46577092,3.23944465,5070.0,8877.0
runs_idc_ablate/idc_tr5000_te5000_imb8_a0.8_b0.7_k64,5000,5000,8.0,0.8,0.7,64.0,64.0,0.790582,0.534233,0.322403,0.096342,0.212959,47.64798344,1.43987768,5070.0,8877.0
runs_idc_ablate/idc_tr5000_te5000_imb8_a0.8_b0.9_k128,5000,5000,8.0,0.8,0.9,128.0,128.0,0.808494,0.581774,0.306714,0.098816,0.260421,19.78265079,0.97721761,5070.0,8877.0
runs_idc_ablate/idc_tr5000_te5000_imb8_a0.8_b0.9_k256,5000,5000,8.0,0.8,0.9,256.0,256.0,0.791371,0.673985,0.344675,0.134452,0.28063,36.0844677,1.90890932,5070.0,8877.0
runs_idc_ablate/idc_tr5000_te5000_imb8_a0.8_b0.9_k32,5000,5000,8.0,0.8,0.9,32.0,32.0,0.799594,0.497393,0.317692,0.09234,0.196583,58.86724843,1.76134186,5070.0,8877.0
runs_idc_ablate/idc_tr5000_te5000_imb8_a0.8_b0.9_k512,5000,5000,8.0,0.8,0.9,512.0,512.0,0.794863,1.064375,0.347267,0.137811,0.281217,82.48659028,4.25163641,5070.0,8877.0
runs_idc_ablate/idc_tr5000_te5000_imb8_a0.8_b0.9_k64,5000,5000,8.0,0.8,0.9,64.0,64.0,0.792272,0.533788,0.321951,0.096361,0.215376,59.98007947,1.68944805,5070.0,8877.0
